,Fulton,Gwinnett,Cobb,Dekalb,Chatham,Clayton,Cherokee,Forsyth,Henry,Richmond,Hall,Muscogee,Paulding,Houston,Bibb,Columbia,Douglas,Coweta,Clarke,Carroll,Lowndes,Fayette,Newton,Bartow,Whitfield,Floyd,Walton,Rockdale,Dougherty,Glynn,Barrow,Bulloch,Catoosa,Spalding,Liberty,Gordon,Camden,Baldwin,Thomas,Habersham,Oconee,Bryan,Lee,Putnam,Greene,Rabun,McIntosh,Towns
2000-01-31,276979.19,205838.46,214303.11,201038.19,195218.08,111021.67,,367975.1,,,193296.21,143774.29,,114359.0,142898.63,,,,141372.39,,,215249.1,,,170316.45,,,145001.61,,,,,,,99427.16,,,,,,,,,,,,,
2000-02-29,277230.56,205302.69,213357.41,200916.99,194758.84,110532.14,268401.48,367763.99,,,192421.78,141845.56,,114052.58,142612.92,,,,141125.39,,,214913.11,,,169811.58,,,144175.62,,,,,,,98733.23,,,,,,,,,,,,,
2000-03-31,276525.54,204357.16,212463.9,200251.78,193622.14,109912.58,267186.15,366637.63,,,191281.66,140403.01,,113612.28,141309.73,,,,140418.62,,,214053.7,,,168726.33,,,143286.14,,,,,,,98057.6,,,,,,,,,,,,,
2000-04-30,279210.91,205828.46,214072.55,202070.28,194481.15,110583.07,269431.66,370576.83,,,192029.4,140350.51,,114524.92,141416.1,,,,141287.89,,,215559.19,,,169369.42,,,143925.02,,,,,,,98352.09,,,,,,,,,,,,,
2000-05-31,281379.18,207151.22,215711.05,203798.93,195121.41,111208.68,269430.71,372569.32,,,192364.47,140986.4,,115440.14,141072.93,,,,141592.13,,,216586.77,,,169767.25,,,145200.55,,,,,,,98905.43,,,,,,,,,,,,,
2000-06-30,282317.09,207732.89,216213.61,204881.88,195104.78,111526.81,269311.94,369014.64,,,192243.44,141405.6,,115656.99,140482.81,,,,141274.75,,106890.48,216506.29,,,169674.67,,,145676.95,,,,,,,99034.71,,,,,,,,,,,193953.01,,
2000-07-31,284288.13,208852.87,217205.74,206489.39,195506.81,112063.91,268999.43,367882.18,,,192523.27,142028.12,,116414.69,140169.64,,,,141612.46,,107103.37,216717.93,,,170072.01,,,146293.02,,,,,,,99478.77,,,,,,,,,,,194768.23,,
2000-08-31,286687.67,210780.06,218870.14,208633.01,196331.28,112878.07,270109.02,366090.68,,,192798.09,142519.37,,117100.03,140150.75,,,,142797.63,,107429.72,217592.21,,,170589.02,,,147038.48,,,,,,,99973.45,,,,,,,,,,,195882.97,,
2000-09-30,287671.37,211435.97,220099.28,209334.22,196047.07,112908.36,265515.86,367243.94,,,191794.01,140810.36,,117785.1,139768.03,,,,143219.69,,107266.1,217127.78,,,170104.99,,,146481.67,,,,,,,99930.49,,,,,,,,,,,196681.01,,
2000-10-31,289218.93,213039.91,222114.73,210965.67,196855.35,113394.3,263495.57,365984.73,,,191959.72,140055.85,,118368.4,140269.07,,,,144011.58,,107420.61,217698.43,,,170229.62,,,146730.62,,,,,,,99802.54,,,,,,,,,,,198474.14,,
2000-11-30,291129.27,214438.24,223968.15,212595.34,198457.32,114029.85,264211.97,368197.06,,,193678.73,140023.14,,119086.33,141526.78,,,,144740.36,,107774.89,218313.28,,,171043.92,,,147115.16,,,,,,,99934.45,,,,,,,,,,,200486.05,,
2000-12-31,292995.55,216364.5,225679.84,214759.35,200277.17,114922.69,269227.03,368548.54,,,196038.27,141050.33,,119373.11,143143.33,,,,145981.77,,108476.5,219329.17,,,172344.81,,,148475.64,,,,,,,99952.65,,,,,,,,,,,202320.71,,
2001-01-31,292985.6,216332.52,225392.71,215205.29,200627.63,114812.66,270900.44,367026.57,,,196320.44,140347.3,,118999.5,143537.43,,,,146568.23,,108590.03,218737.83,,,172874.13,,,148832.85,,,,,,,99838.35,,,,,,,,,,,202963.45,,
2001-02-28,293503.94,216956.86,226019.8,216305.16,200288.0,114829.92,271407.11,368048.67,222074.18,,196519.65,141213.41,,119016.97,143512.91,,,,146784.89,,108868.43,219116.23,,,173244.36,,,149199.2,,,,,,,99859.52,,,,,,,,,,,203755.82,,
2001-03-31,294503.61,217599.68,226815.55,217547.46,200114.62,115013.94,272120.04,371370.48,221143.86,,197281.3,142914.23,,118895.02,143672.25,,,,147288.86,,109148.53,220345.41,,,173679.85,,,149483.76,,,,,,,100328.52,,,,,,,,,,,205331.5,,
2001-04-30,294943.93,218062.44,227461.64,218347.67,199514.04,115117.54,273306.65,373917.68,219659.73,,197178.5,144922.5,,118540.32,143706.08,,,,146855.36,,109010.25,221147.97,,,173385.2,,,148734.53,,,,,,,100347.61,,,,,,,,,,,205065.97,,
2001-05-31,295007.44,218442.0,227880.73,218599.01,199245.52,115071.98,274043.81,374330.51,221595.48,,196651.59,145602.95,,117881.38,143885.9,,,,146934.16,,108937.05,221473.55,,,173289.44,,,148756.43,,,,,,,100427.0,,,,,,,,,,,204222.95,,
2001-06-30,295829.2,219379.46,228822.29,219462.84,198211.05,115538.35,275359.45,375912.33,225147.21,,195853.26,146097.9,,117777.75,144372.08,,,,147111.72,,109173.65,221915.67,,,173596.0,,,148985.94,,,,,,,100417.82,,,,,,,,,,,202604.81,,
2001-07-31,297451.78,221208.08,230754.42,221258.24,197695.87,116589.53,277452.77,379365.77,229200.99,,196684.21,147126.47,,117943.97,145374.05,,,,148066.22,,110278.8,223637.72,,,174631.79,,,149821.99,,,,,,,101063.54,,,,,,,,,,,202779.23,,
2001-08-31,298219.3,222537.44,232095.5,222435.44,196637.39,117395.51,278352.39,381912.47,231038.69,,197324.65,147985.96,,118223.22,146432.53,,,,148817.02,,111150.0,225313.22,,,175262.2,,,150517.61,,,,,,,101076.92,,,,,,,,,,,206763.98,,
2001-09-30,297607.03,223015.51,232267.66,222531.09,196071.4,117627.86,278713.2,382421.21,232237.69,,197406.45,150121.92,,117752.71,146393.1,,,,149054.88,,111753.29,226158.37,,,175108.4,,,150086.97,,,,,,,101057.88,,,,,,,,,,,209516.82,,
2001-10-31,299756.04,225265.08,234140.92,224282.96,197167.7,118678.1,280412.57,384637.78,235640.83,,198602.47,152588.04,,118407.52,147321.66,,,,150396.64,,112711.88,228562.2,,,176272.55,,,152015.14,,,,,,,101599.53,,,,,,,,,,,214754.03,,
2001-11-30,301629.88,226941.0,235537.39,225816.68,197984.66,119788.96,283582.14,386446.02,237749.23,,199338.19,157758.3,,118833.62,146966.81,,,,151276.71,,113068.12,229704.96,,,176970.52,,,152692.16,,,,,,,102087.56,,,,,,,,,,,215595.71,,
2001-12-31,303834.3,229089.75,237600.94,227878.67,199723.06,120984.11,286899.28,387662.83,240273.38,,200235.38,161181.69,,119485.8,147399.52,,,,152321.13,,113343.03,231773.96,,,178123.43,,,154249.45,,,,,,,102624.68,,,,,,,,,,,218077.45,,
2002-01-31,303975.97,229530.96,238200.57,228379.59,200207.14,121563.91,288969.65,387447.57,240640.73,,201162.42,165057.76,,119081.85,147470.5,,,,152721.21,,113159.1,232453.79,,,178084.8,,,156957.97,,,,,,,102714.67,,,,,,,,,,,219088.21,,
2002-02-28,303113.08,229645.59,238526.46,228443.67,200834.52,121893.27,288796.85,386109.15,241562.98,,201867.83,165895.31,,117900.22,147944.93,,,,153013.04,,113005.72,232728.86,,,177916.2,,,159486.72,,,,,,,102630.8,,,,,,,,,,,220182.12,,
2002-03-31,301462.64,229465.12,238357.74,227765.28,200893.2,121960.2,287853.96,385573.18,241661.14,,201709.92,166026.56,,116744.48,148694.5,,,,153093.5,,112714.0,231976.7,,,177404.2,,,162059.16,,,,,,,102317.42,,,,,,,,,,,220778.34,,
2002-04-30,299736.46,229431.92,238280.04,227115.9,200819.17,121787.02,287609.92,386692.29,242613.3,,201099.8,165421.76,,115941.66,148725.9,,,,152847.87,,112204.32,231211.45,,,176861.58,,,161658.01,,,,,,,101609.69,,,,,,,,,,,220512.83,,
2002-05-31,299457.48,230615.52,239145.04,227495.57,202286.7,122270.7,288922.28,388608.83,242946.76,,201423.35,164375.18,,116362.6,149356.49,,,,154204.8,,112534.47,232223.37,,,177228.05,,,162480.09,,,,,,,101750.01,,,,,,,,,,,221433.96,,
2002-06-30,299533.55,231386.5,239706.69,227728.78,203117.97,122785.13,289924.83,389331.58,242729.22,,201643.01,163521.57,,116806.07,148636.63,,,,155924.02,,112796.94,233298.68,,,177485.9,,,163300.49,,,,,,,101962.37,,,,,,,,,,,221880.07,,
2002-07-31,299111.93,231828.31,240131.02,227447.88,204639.31,123357.43,290339.53,387727.49,241409.88,,201658.05,162967.53,,116706.03,148486.4,,,,157525.78,,113271.56,233810.87,,,177891.98,,,164391.42,,,,,,,102460.56,,,,,,,,,,,222058.86,,
2002-08-31,298168.03,231819.04,240100.75,226587.53,205231.15,123665.62,290086.7,386630.61,239939.78,,201633.98,160217.19,,115999.86,147976.94,,,,158336.47,,113406.28,233404.1,,,177575.61,,,164476.31,,,,,,,102414.36,,,,,,,,,,,221518.63,,
2002-09-30,297883.72,232353.11,240294.77,226284.12,207030.96,123883.72,290755.41,386340.71,240345.61,,201965.55,158182.27,,115664.93,148151.47,,,,158892.31,,113890.64,233228.77,,,177783.07,,,164451.31,,,,,,,102518.47,,,,,,,,,,,221723.78,,
2002-10-31,297831.19,232782.27,240416.12,226353.34,208376.24,124120.75,290151.51,385681.78,242829.22,,201947.31,155324.06,,115511.19,148683.95,,,,159547.81,,114327.56,233520.61,,,177806.49,,,165176.19,,,,,,,102546.92,,,,,,,,,,,222065.75,,
2002-11-30,298936.24,233163.72,240918.71,226778.99,209525.49,124369.59,289670.2,384935.26,246687.88,,201667.37,155104.69,,115707.64,149748.07,,,,159765.54,,114592.77,234105.06,,,178371.29,,,166145.36,,,,,,,102874.34,,,,,,,,,,,223023.46,,
2002-12-31,300232.2,234077.98,241643.39,227516.7,210930.57,125174.55,289331.19,384091.54,250178.46,,202539.88,155081.77,,115997.95,151025.89,,,,160670.1,,114977.41,235349.55,,,178998.69,,,167082.07,,,,,,,103503.79,,,,,,,,,,,223769.28,,
2003-01-31,299661.73,233478.61,240517.39,226746.94,210790.85,125335.63,287838.42,381619.62,251079.64,,201406.36,154220.91,,115768.19,150672.94,,,,160689.6,,114690.07,234832.79,,,178543.82,,,166433.0,,,,,,,103381.31,,,,,,,,,,,223089.52,,
2003-02-28,297637.96,232311.02,238425.49,225304.99,210039.89,125028.95,285734.84,378502.34,251106.7,,200046.32,152912.05,,115216.94,149631.11,,,228153.12,160219.58,,114309.17,233966.08,,,177562.83,,,165380.9,,,,,,,103026.9,,,,,,,,,,,222032.16,,
2003-03-31,296522.79,231428.06,237111.24,224286.62,209409.16,125012.24,284234.75,376659.34,250923.61,,199196.52,152425.89,,114722.25,148771.38,,,227303.04,159850.93,,113972.98,233448.68,,,178310.39,,,165634.01,,,,,,,102782.26,,,,,,,,,,,221985.64,,
2003-04-30,297568.59,232442.0,237754.83,224887.77,210396.18,125644.41,285397.52,379786.67,252613.0,,200632.84,153061.2,,114907.33,149306.7,,,229314.05,160089.0,,114330.83,235167.86,,,179827.21,,,166696.93,,,,,,,103264.32,,,,,,,,,,,224051.28,,
2003-05-31,298077.72,233016.12,238476.74,225415.57,211537.57,126309.19,286139.09,382233.71,253592.11,,201763.12,153825.8,,115282.82,149778.86,,,230463.73,160580.41,,114656.85,236551.93,,,180988.18,,,167611.6,,,,,,,103801.93,,,,,,,,,,,225386.45,,
2003-06-30,297536.69,232932.07,238758.37,225097.44,212191.06,126079.58,285942.27,383381.58,255209.64,,202039.48,154695.62,,115244.55,150031.03,,,229944.61,160460.51,,114073.15,237370.46,,,180146.39,,,167516.37,,,,,,,104049.22,,,,,,,,,,,226070.11,,
2003-07-31,296998.45,232954.74,239163.66,225043.09,213073.93,125174.3,285816.9,383418.16,256189.37,,201924.66,157558.4,,115185.39,149958.25,,,229825.26,161347.99,,113902.29,237901.54,,,179455.06,,,167432.64,,,,,,,104305.66,,,,,,,,,,,226314.89,,
2003-08-31,295951.02,232391.34,238941.69,224311.92,213391.45,123903.67,284831.17,382443.38,255134.29,,201929.13,160359.93,,114618.37,149566.47,,,229682.12,162149.46,,112489.4,237705.26,,,178719.9,,,166950.48,,,,,,,103993.74,,,,,,,,,,,226249.37,,
2003-09-30,295224.6,231805.12,238762.16,223644.51,213634.45,123128.84,284837.92,382685.2,254136.24,,202159.58,162867.78,,114150.88,149426.48,,,230386.79,162850.15,,110379.88,237415.95,,,178644.12,,,166544.23,,,,,,,103692.09,,,,,,,,,,,226787.27,,
2003-10-31,295550.18,232237.02,239329.93,223857.41,215604.54,123231.47,284903.59,383087.68,253663.35,,203804.42,165375.0,,114352.9,149599.25,,,231842.34,163969.57,,109810.94,238296.71,,,179427.66,,,167009.85,,,,,,,103881.2,,,,,,,,,,,228033.58,,
2003-11-30,296084.08,233221.91,240425.74,224362.72,217821.68,123985.31,286534.74,384743.6,254749.74,,205030.78,167901.63,,114696.59,150048.11,,,232958.08,165067.07,,111048.02,239915.78,,,179958.95,,,167290.32,,,,,,,104444.24,,,,,,,,,,,229608.74,,
2003-12-31,296307.15,234072.48,241129.52,225016.86,219378.64,124488.65,287380.36,384536.26,255090.61,,206105.21,169737.78,,115141.53,150035.4,,,233284.97,166371.92,,111923.83,241295.4,,,180097.88,,,167566.88,,,,,,,104981.13,,,,,,,,,,,230213.82,,
2004-01-31,295654.1,233244.29,240025.04,224067.6,219041.74,124433.39,287347.65,382723.66,254727.61,,204194.93,169589.23,,114880.08,149141.21,,,231907.69,166922.45,,113684.52,240504.23,,,179209.85,,,165467.25,,,,,,,104982.21,,,,,,,,,,,230529.43,,
2004-02-29,295593.35,232426.81,238656.27,223104.93,218662.37,123498.91,286569.56,380792.55,254513.66,,202266.2,169426.04,,114486.27,148439.07,,258760.15,230901.32,167578.56,,115316.76,240170.59,,,177783.53,,,163472.35,,,,,,,104788.21,,,,,,,,,,,230843.94,,
2004-03-31,294761.7,231077.86,237254.76,221470.4,218608.44,121832.24,285258.78,379166.68,252483.19,,199507.56,168919.23,,113921.06,147697.62,,256556.78,229730.03,167653.76,,116832.12,238718.21,,,176285.58,,,160844.91,,,,,,,104375.37,,,,,,,,,,,230032.54,,
2004-04-30,294567.73,230837.69,237436.93,220967.24,219367.95,120582.99,285935.04,379511.65,250382.81,,198051.45,169092.15,,113904.81,147892.48,,256461.06,229184.72,168305.92,,116261.9,238709.41,,,175591.93,,,160423.15,,,,,,,104264.86,,,,,,,,,,,229898.32,,
2004-05-31,293130.47,229892.0,236784.04,219975.38,219561.01,119715.18,285375.16,378264.61,246994.17,,196296.66,168094.41,,113493.35,147154.61,,256154.25,228093.26,168047.32,,115307.79,236892.34,,,175675.49,,,159628.08,,,,,,,104075.86,,,,,,,,,,,228799.57,,
2004-06-30,292330.06,229438.69,236800.21,219733.36,220654.92,120228.36,285378.47,377903.71,245122.42,,194686.96,167752.06,,113334.66,146995.84,,256185.83,227356.18,168897.36,,113225.13,236504.5,,,175874.0,,,159470.54,,,,,,,104122.19,,,,,,,,,,,229045.97,,
2004-07-31,292749.22,229968.22,237814.67,220264.76,222334.89,121235.26,285800.72,378847.05,244774.14,,195210.03,167416.01,,113703.79,147236.51,,255618.45,228445.0,169744.71,,112431.31,236618.97,,,176843.66,,,159591.5,,,,,,,104758.81,,,,,,,,,,,229952.55,,
2004-08-31,292947.15,229851.56,238570.98,220215.87,224059.5,122004.53,285820.62,378852.31,244823.53,,194607.37,166994.05,,114264.03,147443.88,,256011.39,228703.49,170453.94,,111977.28,236957.72,,,177060.46,,,159602.82,,,,,,,105104.49,,,,,,,,,,,230650.36,,
2004-09-30,293119.39,229612.79,238370.12,219708.25,225175.52,121541.23,285756.24,379471.92,245283.13,,194370.95,166243.74,,114662.6,147258.34,,255653.44,229556.53,170704.46,,113316.89,237011.89,,,177193.91,,,159172.86,,,,,,,105391.07,,,,,,,,,,,231311.74,,
2004-10-31,292176.3,228556.15,237276.93,218635.09,226482.07,120994.74,284222.03,378356.35,244864.27,,192849.02,165093.04,,114621.68,146880.31,,254933.04,229950.79,171293.51,,113880.05,236407.81,,,176453.83,,,158423.02,,,,,,,105454.69,,,,,,,,,,,231881.83,,
2004-11-30,292562.56,228475.34,237011.29,218632.5,229143.55,120219.67,284654.41,379732.43,245269.08,,192589.54,164857.42,,114888.01,147682.96,,255029.55,231017.63,172851.03,,114445.12,236601.04,,,176967.5,,,158274.81,,,,,,,105941.81,,,,,,,,,,,233283.32,,
2004-12-31,293772.85,229336.04,238177.89,219617.64,232737.71,120646.29,286103.88,381052.81,246459.82,,193974.87,166296.7,,115845.58,149235.31,,256273.35,232715.88,174603.58,,116419.55,237599.25,,,178145.63,,,158839.85,,,,,,,106970.98,,,,,,,,,,,236931.75,,
2005-01-31,293727.86,229013.75,237880.64,219655.04,234142.13,120250.04,286479.64,381360.15,246973.21,,194489.4,172184.44,,116209.59,149835.9,,256293.01,232073.66,174391.43,,116318.54,237771.69,,,178254.45,,,160220.29,,,,,,,107271.11,,,,,,,,,,,240420.71,,
2005-02-28,292340.41,228161.48,237092.03,218830.13,233709.22,119599.08,285579.43,379519.63,246929.4,,194967.88,176447.56,,116131.16,149744.12,167682.59,255898.63,231230.14,173060.11,,115922.25,236624.68,,,177840.3,,,161588.59,114642.48,,,,,,107431.19,,,,,,,,,,,241182.03,,
2005-03-31,290684.51,226859.28,235247.59,217850.62,232927.49,118488.27,284151.05,377795.28,245966.77,,193735.93,179148.89,,115741.3,149288.44,167020.14,255181.18,230091.46,171838.47,,113081.85,235547.01,,,176798.07,,,162757.65,114517.52,,,,,,107259.32,,,,,,,,,,,238765.38,,
2005-04-30,289424.41,225918.78,234077.19,216898.62,232751.77,117214.76,283555.36,376833.29,244964.21,,193349.21,177715.7,,115350.94,149029.34,166386.36,251318.28,229370.35,171402.81,,112102.22,234644.57,,165059.41,176172.17,,,161810.69,114399.2,,,,,,107227.61,,,,,,,,,,,238398.14,,
2005-05-31,290523.73,226786.35,235055.45,217821.04,234440.15,117080.37,284573.83,379131.0,245112.41,,194090.14,179393.26,,115660.46,149811.7,167328.56,248063.7,230186.51,172568.51,,110774.73,235730.29,,165821.62,176670.99,,,161795.48,115020.73,,,,,,107759.32,,,,,,,,,,,240051.1,,
2005-06-30,291489.87,227277.1,235978.38,218929.85,236184.39,116367.05,285018.08,380843.58,244893.31,,195220.31,180988.79,,115448.39,149995.62,167576.73,244554.53,230588.53,172765.15,,110082.96,236137.09,,166586.35,177239.39,,,161501.7,114052.32,,,,,,108196.82,,,,,,,,,,,241084.4,,
2005-07-31,290767.03,226638.88,235389.71,218526.03,237098.55,115319.17,284004.55,380297.02,243321.8,,195334.3,181513.13,,114872.59,149661.71,167450.45,245174.95,230995.31,171802.31,,108742.01,235989.7,,166739.56,177070.12,,,160885.43,111694.84,,,,,,108179.98,,,,,,,,,,,241268.14,,
2005-08-31,290116.22,225856.68,234322.66,217964.97,237834.79,113648.45,283045.12,379711.73,241461.77,,195746.69,181340.02,,114336.06,148798.43,167114.69,245839.84,230783.33,170518.01,,108271.45,236619.75,,166315.24,176818.38,,,159851.66,110585.16,,,,,,108070.45,,226727.16,,,,,,,,,241475.37,,
2005-09-30,287025.88,223598.84,231620.72,215188.79,236401.3,112315.25,280370.09,376580.38,238297.41,,194150.95,179886.85,,113209.56,147387.27,166027.35,245548.9,228606.36,168490.79,,107724.28,235463.7,,164689.62,175673.61,,,158224.94,110007.08,,,,,,107106.18,,224697.69,,,,,,,,,240175.6,,
2005-10-31,287114.06,223575.99,231537.06,214932.5,237005.36,112667.84,280090.2,377555.57,237467.26,,194871.14,181175.06,,113242.98,147319.28,166711.63,246194.19,228443.82,167684.6,,107682.3,236419.79,,164521.33,176262.53,,,159178.19,110364.3,,,,,,107192.09,,225375.91,,,,,,,,,241254.84,,
2005-11-30,289964.59,225933.07,233581.59,217293.2,239732.54,114880.92,282876.35,382155.32,239561.31,,197061.89,184603.76,,114527.93,149224.13,168735.95,248453.53,231037.09,171271.43,,109613.18,238838.81,,166171.92,178415.25,,,161927.09,111591.4,,,,,,108345.43,,228100.55,,,,,,,,,244184.66,,
2005-12-31,291725.46,227300.94,235060.47,218948.69,241700.95,115764.17,284822.57,384746.42,240637.69,,198899.06,186681.37,,115501.75,150524.49,169305.74,248183.07,232169.31,173680.94,,109886.83,239824.79,,166833.85,179611.07,,,163625.97,111198.94,,,,,,109205.13,,230686.78,,,,,,,,,245171.25,,
2006-01-31,289824.11,226057.53,233869.14,218540.79,241156.87,115207.3,283971.76,382701.21,239776.86,,197634.01,185020.8,,115377.94,150023.5,167529.63,243217.92,230001.5,174992.49,,109583.97,238118.45,,165405.73,179071.17,,,162371.79,109528.59,,,,,,108778.71,,231353.08,,,,,,,,,243659.46,,
2006-02-28,289076.35,226049.09,233952.52,219137.51,242256.27,115174.05,284374.03,382880.83,240498.13,,197745.53,184352.57,,115678.94,150197.99,167525.49,242350.38,229475.75,174614.82,,109823.44,237896.02,,165086.19,179378.39,,,161381.69,108195.25,,,,,,108909.27,,233674.68,,,,,,,,,243980.06,,
2006-03-31,286701.97,225147.73,232798.19,218858.02,242311.5,114890.54,283363.99,382310.39,240245.13,,197074.27,183927.37,,115596.17,149388.9,167224.12,240374.37,228464.91,174035.26,,110591.43,237376.58,,164114.92,178766.66,,,160057.95,108712.24,,,,,,108594.89,,234822.96,,,,,,,,,244227.82,,
2006-04-30,282911.79,223819.75,231214.17,217692.1,241592.87,114077.38,281656.8,381625.86,238542.31,,196585.59,183948.78,,114809.46,148520.37,166922.46,240925.61,227701.08,171618.36,,110112.09,236033.8,,162852.58,177816.72,,,158342.28,108396.05,,,,,,107650.71,,234423.82,,,,,,,,,243716.93,,
2006-05-31,280592.76,223242.12,230687.97,216646.39,241572.4,113571.2,281272.85,382677.12,237359.92,,196527.94,184245.21,,114976.82,148401.07,167354.27,240704.69,227352.0,170011.62,,110227.9,235952.83,,162197.88,177712.51,,,157412.31,110131.16,,,,,,107122.04,,234151.46,,,,,,,,,243581.9,,
2006-06-30,279689.98,223584.63,231106.5,216387.51,242714.05,113158.6,281489.25,385035.6,236804.22,,196651.03,184945.47,,115228.5,148499.08,169127.9,240727.53,228312.5,169291.74,,110487.47,236397.55,,162499.82,178273.5,,,157217.54,111565.58,,,,,,106956.2,,237519.54,,,,,,,,,244037.91,,
2006-07-31,279768.16,223648.84,231122.27,216004.76,243432.15,112311.56,281343.36,385827.06,236250.42,,195708.05,183227.53,,115545.09,148252.31,170758.67,238372.56,228526.12,169361.42,,111713.57,236550.87,,162793.72,178172.31,,,157540.14,115072.53,,,,,,107046.32,,239399.35,,,,,,,,,243668.43,,
2006-08-31,279775.38,223905.9,231053.16,216030.81,244861.51,111500.24,281183.0,386688.86,236666.17,,195124.69,183002.0,,115647.4,148504.44,172610.08,236162.51,228943.92,169282.46,,112775.39,236654.52,,163202.19,178127.01,,,157560.07,116926.92,,,,,,107578.71,,243774.13,,,,,,,,,243811.98,,
2006-09-30,281873.98,225385.38,232225.56,217189.14,247781.29,111431.0,283398.25,389296.83,238836.09,,196067.36,184053.14,,116387.06,150121.36,175605.3,237924.75,230429.21,169933.92,,115181.69,237945.22,,164634.09,179297.49,,,158575.05,119302.48,,,,,,108752.56,,246774.86,,,,,,,,,245607.52,,
2006-10-31,284337.06,226890.45,233254.61,217925.91,251154.28,111489.79,285403.4,392499.9,240971.91,,196894.9,187850.93,,117180.33,151710.36,178173.05,239915.88,231335.21,170774.91,,117490.67,239033.4,,165899.2,180841.08,,,159054.08,120424.92,,,,,,110077.82,,251260.18,,,,,,,,,247590.53,,
2006-11-30,285660.39,227123.67,233139.37,217795.21,253129.35,111423.05,286395.42,393692.61,241628.23,,196858.09,189415.06,,117556.59,151704.98,179039.3,241911.04,231339.37,171225.07,,118702.58,239390.75,,165860.43,181855.66,,,159533.93,121364.28,,,,,,110707.17,,252965.85,,,,,,,,,248429.03,,
2006-12-31,285599.01,226756.61,232766.31,217797.95,254300.33,110772.04,286431.49,393719.19,241321.97,,196436.01,191516.17,,117974.56,151669.18,179012.88,242782.47,231073.41,171329.4,,118893.81,239712.91,,165113.79,182378.07,,,158696.68,122106.05,,,,,,111114.74,,253319.3,,,,,,,,,248109.72,,
2007-01-31,284860.37,225946.29,231330.64,217840.44,254560.19,110301.5,286518.79,393397.88,241105.18,,196628.55,192033.09,,117999.71,151845.47,178862.54,243825.21,230679.6,171269.9,,118819.39,239927.72,,163913.34,182349.46,,,158316.37,122495.47,,,,,,111131.44,,252670.1,,,,,,,,,247779.9,,
2007-02-28,283367.71,224902.81,229930.34,217362.24,254427.69,109619.68,285854.49,391756.4,240408.37,,196671.64,192074.37,,117791.79,152304.82,178922.87,243452.31,229966.8,170707.01,,119047.58,239326.14,,163240.83,182082.03,,,157688.23,122857.24,,,,,,110901.72,,250733.25,,,,,,,,,247145.29,,
2007-03-31,281475.6,223377.82,227832.43,215649.47,252803.95,109098.82,284002.09,388649.2,238698.66,,195931.84,190438.02,,117172.62,151976.94,177908.18,241436.18,228388.89,169441.25,,118865.13,237669.56,,161578.48,180920.31,,,156944.64,122241.5,,,,,,110117.8,,248853.78,,,,,,,,,245935.59,,
2007-04-30,279877.17,222461.68,227166.12,214662.58,251781.17,108614.39,282905.76,387339.85,237330.37,,195869.21,189246.23,,116918.97,151672.41,177291.25,240539.9,227724.74,168420.87,,118801.61,236597.99,,160753.89,180184.86,,,155657.4,121219.89,,,,,,109885.28,,248509.89,,,,,,,,,244988.73,,
2007-05-31,278569.81,221677.18,226732.71,213898.33,250317.61,107817.68,282098.13,386595.88,235115.31,,195350.42,188295.22,,116358.72,151454.88,176427.12,239143.19,226769.82,167118.19,,118646.7,235312.28,,159836.05,179287.45,,,154447.95,120293.81,,,,,,109340.63,,248489.22,,,,,,,,,243861.88,,
2007-06-30,278465.48,221561.8,226738.62,213369.21,250320.64,107338.48,282427.16,388086.09,233612.08,,196438.43,188047.82,,115840.19,151906.97,176369.36,238031.04,226636.05,166145.36,,119125.21,234948.31,,159864.51,179256.92,,,153303.03,120253.45,,,,,,108797.22,,249609.78,,,,,,,,,243489.91,,
2007-07-31,279047.88,221816.24,227135.44,213226.86,250807.53,107194.8,283163.03,388499.74,232704.0,,197321.98,188942.07,,115345.3,152772.07,176314.49,236391.68,226796.31,165493.7,,119186.87,235143.46,,160148.85,179690.11,,,151801.71,120959.46,,,,,,107942.82,,250283.16,,,,,,,,,243295.38,,
2007-08-31,280070.2,222285.16,226856.12,213413.06,252221.92,107187.61,283925.96,390011.51,233215.77,,198940.75,190679.62,,115337.38,153589.51,177165.18,235969.48,227422.85,165346.65,,119046.11,235865.27,,160622.95,180360.0,,,149899.34,122001.1,,,,,,106947.78,,252082.02,,,,,,,,,243949.38,,
2007-09-30,278894.74,221440.78,225125.07,212556.04,251756.51,106403.3,283100.08,388746.02,232972.0,,198764.13,191404.08,,115305.12,153309.75,177558.07,234244.71,226894.62,164840.98,,118217.82,235555.85,,160618.56,180170.39,,,148056.64,121988.96,,,,,,105957.71,,252015.6,,,,,,,,,243091.01,,
2007-10-31,277442.8,220776.31,222739.53,211565.34,251483.33,105887.79,281150.56,387958.81,232203.36,,199261.79,192080.81,,115577.49,153037.9,178366.64,233051.44,226583.59,164793.1,,117969.73,234854.15,,160912.11,179954.84,,,146727.73,122593.68,,,,,,106357.74,,252271.74,,,,,,,,,243046.57,,
2007-11-30,274869.77,218809.0,219184.64,208923.73,249888.28,104539.53,277441.35,384772.76,229266.2,,198798.39,191812.33,,115301.77,151946.46,177698.99,230530.1,225011.3,164170.3,,117400.27,233617.13,,160553.7,179210.03,,,146325.98,122118.37,,,,,,107441.57,,250495.52,,,,,,,,,241756.94,,
2007-12-31,274344.9,218163.12,218561.62,208279.7,249825.69,103710.96,275759.28,383357.92,228093.18,,199663.85,192483.74,,115367.87,151847.8,177811.22,229469.57,224889.62,164517.91,,117569.52,233918.1,,161109.44,179494.26,,,146934.35,123108.99,,,,,,108976.28,,250194.52,,,,,,,,,242227.3,,
2008-01-31,271408.9,215375.63,216516.01,205584.68,248180.87,100939.75,272334.14,379608.55,225198.92,,198365.56,191135.18,,114677.74,150978.64,176923.33,225588.42,223207.83,163865.91,,117436.58,233050.81,,159837.32,178714.75,,,146020.59,122410.1,377049.37,,,,,108313.55,,249130.02,,,,,,,,,241167.05,,
2008-02-29,267176.69,213557.4,215834.36,203245.19,247665.51,97281.09,269675.18,376232.35,223625.65,,196540.5,190319.53,,114405.95,150788.22,176499.34,221787.54,221788.94,163712.48,,117051.65,231687.55,,158956.67,177972.91,,,142607.15,122120.13,374952.26,,,,,107605.92,,247250.5,,,,,442072.07,,619707.09,,241304.33,,300833.34
2008-03-31,262110.34,210152.82,212621.49,198838.06,246419.81,92882.47,266470.83,372083.09,218672.25,,193204.32,188759.03,,113401.93,149632.78,175388.44,217144.61,218709.78,162458.48,,116554.49,229499.1,,158306.5,176278.05,,,135857.7,120606.4,370406.73,,,,,106542.18,,243707.88,,,,,438730.34,,617030.87,,240324.57,,296586.99
2008-04-30,258627.77,208027.97,211023.37,195756.25,245503.57,89440.45,263562.98,369022.17,214416.68,,190405.16,188396.25,,113015.37,149069.26,174918.36,214796.63,216277.74,161350.66,,116573.09,227909.77,,159323.79,175194.69,,,130198.82,119919.42,364596.77,,,,,106187.31,,239673.05,,,,,435017.57,,615180.63,,239635.75,,291204.07
2008-05-31,256735.25,204883.73,208552.86,192798.05,243082.18,87287.85,260239.97,365252.83,209391.36,,187893.09,186357.2,,112060.67,148738.3,174031.76,211943.86,213515.37,159603.22,123272.21,117101.27,225877.8,,159870.39,173472.76,,,126296.03,119002.97,356937.68,,,,,106145.93,,236271.4,,,,,428935.18,,609299.56,,236560.49,,289118.99
2008-06-30,253631.36,201503.62,205734.34,189854.57,239836.44,84481.39,256033.61,359905.22,205170.06,,184656.72,183579.71,,111010.52,148381.62,172222.29,207767.63,210481.86,157553.82,121655.81,116915.07,222643.64,,157503.49,171762.46,,,123440.88,117994.8,347484.36,,,,,105556.3,,232913.2,,,,,424361.58,,597507.61,,232899.63,,285932.12
2008-07-31,251247.26,198347.42,203901.34,187670.03,237817.2,81172.73,253082.38,355910.8,201944.78,,182469.64,181499.46,,110216.1,148136.83,170708.72,204319.63,208942.5,156393.49,120203.97,116911.57,221083.94,,153276.5,170106.91,,,120955.56,117064.04,340794.05,,,,,104852.44,,230662.96,,,,,421054.62,,587027.13,,230139.41,,284515.44
2008-08-31,250539.03,196711.88,203869.05,187578.11,237301.71,79716.53,252210.8,354190.03,200743.63,,181638.87,182268.83,,110332.66,147559.99,170307.69,201373.59,209495.35,156425.51,118873.04,117978.9,221766.73,,150824.95,170112.6,,,118711.82,117050.89,336281.52,,,,,101572.81,,230880.17,,,,,421654.15,,581140.06,,230040.22,,282444.88
2008-09-30,249291.97,194854.4,203748.48,186580.3,235830.11,78224.75,251401.53,350629.66,199392.33,,180665.39,182968.95,,109949.59,145989.87,169341.58,199597.18,208933.52,156227.02,116823.64,117750.22,220767.42,,150549.51,169219.48,,,117122.1,116582.16,331731.78,,,,,99205.07,,230151.25,,,,,419705.29,,580634.39,,229512.27,,280509.42
2008-10-31,249881.55,194670.57,205302.72,187134.32,236027.41,77557.95,252627.98,349456.19,200523.87,,180469.7,185794.0,,110350.69,145998.13,170052.72,198544.9,210063.75,157207.25,115925.79,118474.87,220556.11,,151323.8,170239.1,,,115383.08,117516.91,336055.68,,,,,97409.29,,231767.97,,,,,423656.48,,571617.13,,230364.6,,281735.51
2008-11-30,251776.46,195494.37,208544.56,188005.18,238717.89,76544.82,255963.98,353741.2,201218.85,,181784.68,189850.93,,111481.32,147963.17,172086.46,201074.93,211626.86,159831.3,116441.51,120229.42,222150.85,,153735.16,172838.18,,,114880.8,119399.46,345456.99,,,,,100418.0,,235004.03,,,,,432275.68,,567271.1,,232846.7,,286313.36
2008-12-31,250470.05,192512.66,208188.3,187421.57,236327.71,75430.3,256305.17,355828.5,198799.58,,181411.37,191812.39,,111886.8,149369.7,173160.59,199561.97,210715.5,160955.24,116468.21,121670.84,222642.71,,154364.78,173987.93,,,112649.19,120412.89,352978.0,,,,,100808.1,,236477.31,,,,,437643.13,,553953.22,,233444.68,,288164.72
2009-01-31,245354.42,186582.66,204688.34,183125.99,228391.59,73981.65,251959.9,352336.76,193486.15,,179189.98,185709.71,,110981.62,148296.46,171575.19,194758.33,207035.89,159949.88,115201.59,118398.2,219895.42,,152932.53,172605.58,,,110848.07,119570.57,351125.03,,,,,101483.17,,234758.1,,,,303659.48,434454.73,,553177.64,,231343.61,,287121.18
2009-02-28,241239.29,180781.9,202184.39,179788.77,223203.62,72130.08,247370.07,346791.44,187018.99,,177245.82,179546.79,,110414.26,147233.93,170631.06,189406.68,202559.26,158973.76,114530.82,115125.3,216826.66,,151501.56,171295.48,,,107569.17,118787.26,349952.65,,,,,100898.47,,233414.6,,,,301989.02,431615.31,,551220.85,449788.06,230535.94,,285536.76
2009-03-31,237454.49,177980.98,200806.47,177149.34,223289.78,70721.6,241887.59,342096.17,183288.98,,175973.05,174640.47,,110316.65,146500.02,169428.75,186174.6,199960.87,158416.49,113828.8,112049.7,211909.61,,150425.2,170260.4,,,105269.59,117980.03,349180.47,,80445.94,,,102469.08,,232542.79,,,,300392.71,429195.23,,552601.86,448761.13,229470.18,,284814.79
2009-04-30,233987.54,175749.2,198232.5,175306.57,225281.22,69878.77,237895.98,338819.61,177312.3,,173775.49,173988.45,,109954.25,145666.14,168508.55,183133.21,197483.66,157534.84,112966.32,112616.95,204741.01,,148699.08,168906.63,,,100307.02,117039.01,345602.32,,79804.38,,,102517.35,,230285.09,,,,297915.95,425089.35,,546352.76,446790.41,227693.38,,281778.3
2009-05-31,230374.0,174057.71,194723.35,173445.65,225317.93,69845.42,234336.42,335377.38,174053.54,,170687.92,173366.54,,109411.31,143697.67,166874.0,180278.22,196852.37,155843.08,111809.58,110196.85,198322.14,,146977.25,167265.39,,,96531.72,115709.54,341388.32,,79510.67,,,102076.33,,227663.46,,,,294913.53,420137.04,,541535.53,443803.29,225465.05,,277748.15
2009-06-30,226360.25,170668.07,191314.58,170534.6,223206.31,68501.99,230883.39,329548.76,167461.84,,167176.99,171625.82,,108098.31,140629.91,165075.74,174079.34,194374.96,153176.89,110137.64,107315.33,195060.24,,144598.49,164471.65,,,92455.18,113807.61,335377.78,,78335.36,,,99120.85,,223371.44,,,,289831.34,412222.86,,526440.54,438458.95,222225.17,,272381.44
2009-07-31,225389.72,169774.49,191200.8,169515.38,223602.13,66741.87,229513.46,325869.83,162775.73,,166758.87,171880.46,,107303.83,139083.57,164821.05,171548.3,192642.45,151877.88,109641.34,104613.48,193738.16,,144143.13,163503.44,,,90376.13,112865.08,334059.4,,78275.08,,,97906.9,,222150.83,,,,287750.13,410207.84,,518945.05,436237.51,220880.08,,270630.86
2009-08-31,223097.62,168620.34,189474.77,168265.55,221965.86,65169.21,226886.21,321460.64,158287.33,,164496.22,171147.9,,106035.08,137861.96,164683.24,167676.98,190079.84,150424.12,108356.36,103378.25,192153.59,,142963.84,161726.63,,,90355.41,111695.27,330330.47,,77534.72,,,96840.7,,219705.08,,,,284083.57,405814.81,,510763.51,433697.72,218562.32,,268072.49
2009-09-30,221854.6,166754.45,186338.35,167463.6,220426.69,65421.2,224667.81,318696.61,154448.9,,160982.36,169061.92,,104994.41,136622.74,164895.01,164831.79,188689.79,149021.75,107282.63,100314.89,190866.69,,141994.91,160341.93,,,89951.23,110637.32,327984.18,,77106.94,,,95601.01,,217445.82,,,,281249.46,402145.99,,500043.47,430157.14,217076.13,,264930.92
2009-10-31,219787.6,163799.98,183106.91,167162.42,218650.77,66018.66,224153.7,317719.95,152037.61,,157898.88,166729.93,,104363.41,135078.48,165141.39,156348.78,188136.16,147729.18,106126.33,97277.43,189551.7,,140715.96,158919.01,,,89624.41,109624.7,323876.42,,76101.87,,,93704.92,,215229.29,,,,272620.11,397394.33,,485744.61,428429.31,215837.52,,262048.11
2009-11-30,218518.08,161848.37,181396.84,166882.3,219101.19,65446.49,223904.61,315844.71,149508.47,,156647.07,164319.37,,103385.44,133697.37,165790.17,148021.21,188154.02,146472.2,105005.79,94420.7,188090.91,,139452.97,157758.4,,,88326.21,108714.35,320561.7,,75035.5,,,92598.66,,213117.83,,,,264999.2,393954.89,,469008.23,426553.97,212896.94,,259625.02
2009-12-31,217034.38,161622.63,182138.84,167294.93,220161.22,64767.53,224252.92,314437.89,148067.95,,155340.09,163146.88,,101673.88,132749.87,166566.48,141839.01,188707.26,145648.94,104087.38,94335.76,187569.23,,138200.88,156988.04,,,88410.57,108121.35,317133.15,,74280.0,,,91555.28,,211937.97,,,,258242.71,392426.11,,463293.39,425424.94,209979.4,,258442.0
2010-01-31,214385.76,160659.88,180847.32,166730.63,217978.63,64282.58,221181.11,311156.18,146118.56,,151937.28,162295.37,,99512.67,131274.53,166275.87,140334.09,188782.31,144126.94,102658.99,93888.45,186853.69,,136683.7,155553.43,,,88758.72,107450.39,314542.21,,73425.69,,,89738.1,,209571.07,,,,259691.76,387420.0,,456443.3,408848.44,206939.77,,249604.89
2010-02-28,212456.25,158638.31,180087.43,166468.62,216207.07,63855.74,219544.33,310369.3,143963.68,,148184.21,162187.83,,98374.54,130461.26,165589.45,140415.53,189917.08,144618.26,102180.14,94318.34,187353.54,,135732.13,154825.86,,,89440.49,107234.64,313943.47,,73175.97,,,87877.99,120683.65,208382.25,,,,261494.94,383512.4,,450246.65,393592.65,205937.84,,242052.01
2010-03-31,210698.21,155742.0,178892.72,164099.44,213719.05,62900.42,217715.03,308692.27,141570.61,,145557.04,163101.13,,97833.13,129339.94,164121.26,140045.87,188979.48,144036.39,101471.78,93908.08,186504.16,,134552.43,153730.37,,,89579.33,106775.65,312382.75,,72516.67,,,86716.69,118522.17,206834.52,,,,263023.62,378737.71,,445741.84,377630.29,204432.85,,234942.71
2010-04-30,210814.84,154446.79,179280.97,162712.14,213894.43,61620.52,216551.98,305376.96,140099.85,,142675.71,163249.91,,97835.04,128775.32,162757.07,138760.18,188024.19,144193.72,101124.3,93406.25,185248.2,,133325.28,153083.98,,,88612.59,106574.18,310421.12,,72228.92,,,86500.98,118100.2,205752.97,,,,262182.28,377560.95,,444768.85,375713.46,203379.97,,234257.62
2010-05-31,210741.33,153512.28,178591.14,161545.4,213321.99,61092.57,216679.44,302872.64,141003.46,,141402.05,164927.34,,97374.27,128241.6,161674.64,136837.93,185711.44,143435.84,100826.95,93274.04,185614.85,,132129.61,152399.48,,,88324.93,106290.29,308340.06,,72045.1,,,86206.8,117555.71,204776.0,,,,261591.49,375155.8,,445844.58,373726.03,202723.16,,233098.04
2010-06-30,210041.72,153629.61,176980.44,161086.41,214001.61,61421.89,216955.19,301070.19,142350.46,,140103.62,165066.73,,96973.76,127988.36,160887.6,135509.16,184317.41,144014.49,100732.11,93314.81,185379.55,,131539.74,151866.18,,,87117.6,106140.88,307132.59,,71971.16,,,86139.89,117085.05,203844.52,,,,261028.72,373607.83,,440943.68,372638.28,202311.22,,237321.12
2010-07-31,207736.06,151817.8,173323.04,158876.85,213848.9,61924.91,217184.42,300806.54,141251.7,,139617.97,165056.4,,96878.42,127487.58,160624.93,133774.69,182451.47,144116.16,100586.97,93355.02,185009.61,,131194.77,151172.48,,,85888.91,105523.53,306299.93,,71695.94,,,86003.27,116534.83,202994.18,,,,260223.49,370755.75,,436461.37,370834.72,201736.21,,242302.91
2010-08-31,205244.43,149800.27,170029.14,155964.51,213604.36,61124.4,214561.49,299353.09,137280.09,,138423.48,164272.77,,97084.73,126903.94,159976.56,132510.76,180947.76,144023.5,99826.96,92814.36,182736.94,,130820.83,150278.83,,,83222.67,104873.65,302947.77,,71111.72,,,85652.2,115589.69,201675.59,,,,259145.5,368861.9,,432714.94,368410.52,200378.57,,246929.87
2010-09-30,201141.2,146331.2,165288.73,153957.97,213167.66,59054.79,211560.23,296673.48,134876.78,,137465.24,163078.02,,96525.54,126296.16,158969.1,129900.97,179900.93,143591.92,99018.88,92394.89,181227.09,,130061.31,149338.15,,,82993.57,104255.58,299912.79,,70592.09,,,85240.97,114788.75,200195.49,,,,257829.01,365810.33,,429836.86,366213.89,197124.68,,245479.17
2010-10-31,197286.65,143451.34,161670.12,152587.19,211250.98,57019.01,207147.18,293251.1,132726.35,,135203.02,161785.47,,95675.39,125452.41,157262.33,127374.03,176958.97,143046.93,98150.7,91844.36,180229.53,,129180.3,148191.62,,,82889.0,103526.09,295482.13,,70289.88,,,84532.42,113818.18,198579.94,,,,256288.35,363173.21,,427205.6,363812.39,193754.17,,243287.54
2010-11-30,193474.65,140653.59,157783.57,150912.86,209352.58,55692.79,203320.19,289705.32,131528.36,,132075.04,160051.66,,94648.98,124405.34,155794.93,123534.46,173638.44,142711.41,97329.44,91272.63,179426.66,,128347.35,147033.25,,,82297.98,102817.87,292605.54,,69894.07,,,81593.95,112796.35,197346.13,,,,253898.94,360270.87,,418634.62,363510.21,190680.25,,241855.86
2010-12-31,192086.49,137901.65,154996.83,148657.91,205762.36,54554.53,198996.87,286223.72,127626.13,,127321.44,159011.98,,93602.33,123265.66,154432.14,120337.93,169769.59,141926.28,96393.3,90617.72,177407.17,,127382.37,145849.34,,,80447.82,101990.13,288895.52,,69531.77,,,78614.26,111786.27,196289.87,,,,251120.65,358291.87,,412346.71,361996.91,188975.93,,240316.99
2011-01-31,190092.27,134394.7,151656.82,145816.97,203216.77,52469.69,195430.76,280039.16,125231.27,,123163.8,158092.38,,91909.22,121878.04,153499.21,115306.36,166678.97,139955.56,94979.42,89337.69,173485.16,,125899.76,144176.75,148265.85,,77815.68,100979.66,285939.65,,68504.0,,,76477.36,110453.07,194409.15,,,,246653.76,355310.27,,402387.56,359683.75,186655.48,,241451.41
2011-02-28,188514.37,131861.62,149083.29,143876.96,200588.72,51686.48,192925.4,273595.42,122862.52,,120617.44,157116.76,,90236.42,120236.55,152810.34,111237.45,164497.1,137687.56,93982.25,88116.07,169144.17,,124631.49,142692.72,147134.6,,76287.15,100068.38,283890.07,,67750.75,,,77019.42,109620.03,192461.36,,,,242956.91,349535.21,,399156.33,354587.31,184470.81,,242368.14
2011-03-31,184860.99,128618.53,145533.1,141309.44,198473.67,50555.13,189780.63,267185.24,120739.67,,118900.12,155863.81,,88787.25,117991.63,151597.65,106522.66,161976.17,135537.1,92417.21,86502.76,164781.32,,122807.67,140311.97,144550.24,,72708.11,98465.82,280020.93,,66419.1,,,76753.8,107995.63,189295.84,,,,238396.59,339955.78,,392747.59,348234.43,181513.94,,241617.47
2011-04-30,182140.76,125771.18,142167.11,138708.18,196433.09,50498.24,186490.48,263567.45,117179.95,,117405.61,154611.86,,87591.0,115877.4,150457.45,104279.9,159847.1,134432.36,91055.2,85239.29,162391.48,,121198.43,138254.2,142307.0,,70987.88,97096.78,275483.0,,65484.73,,,75804.77,106589.37,186239.74,,,,235077.81,331479.11,,387417.15,342792.88,178679.19,,237676.29
2011-05-31,178687.18,121987.82,138434.39,135296.39,195086.46,49622.12,182403.12,261096.05,112861.49,,114065.99,153262.71,,86843.31,114320.81,149649.22,102042.03,157510.63,133047.65,89725.17,84197.88,160249.31,,119555.18,136458.86,140226.03,,69387.95,95727.95,271286.33,,64757.8,,,74690.63,105262.78,183618.13,,,,232203.88,326384.51,,381411.76,337615.09,176405.6,,233588.33
2011-06-30,177094.4,119002.23,136221.2,132565.7,193237.76,48410.36,179487.56,258492.34,109090.31,,111160.0,152155.49,,86985.06,113584.73,149783.36,99484.76,154457.92,131734.67,89125.77,84121.15,159032.56,,119094.27,135766.23,139415.16,,70280.23,95295.4,269373.36,,64545.83,,,74623.43,104701.08,181979.35,,,,231135.28,327149.95,,377756.23,335557.59,175608.53,,231995.24
2011-07-31,175568.68,116113.02,134208.79,129876.0,191140.72,46410.0,176974.41,254898.96,106389.85,,108126.65,151144.51,,86555.97,113054.57,149100.29,96057.11,151396.75,130187.36,88559.46,83898.23,157218.04,,118568.44,135024.64,138678.21,,70865.7,94604.08,267722.6,,64149.74,,,74054.2,104026.39,180853.95,,,,229999.2,325053.91,,374326.6,333196.61,174844.8,,230640.32
2011-08-31,174073.12,114825.5,133859.37,127769.79,189025.87,44864.79,175357.07,251054.93,105488.06,,106699.95,150710.52,,86179.07,112395.17,147900.25,92953.85,148818.66,128603.04,87679.19,83719.91,155499.12,,117735.35,134033.62,137775.41,,71581.37,93886.68,265272.68,,63461.06,,,73893.79,102981.74,178864.34,,,,228845.26,322731.94,,369242.28,332150.61,173474.38,,229180.66
2011-09-30,173046.54,114597.77,133577.92,126028.51,189160.5,45189.21,173788.27,250399.58,106041.07,,105431.47,150487.25,,86028.78,111800.92,146917.27,92549.98,148328.78,127073.73,86977.2,83084.11,154163.19,,116701.3,133135.76,137049.79,,71594.5,93218.45,263580.64,,62879.51,,,73548.9,102142.75,177307.23,,,,228073.14,318568.0,,366346.07,330651.51,172116.43,,225952.61
2011-10-31,172246.72,114778.27,133278.55,125486.75,190120.4,46445.36,173151.22,251969.77,106101.64,,104691.15,150554.48,,86896.12,111624.33,146509.14,94333.98,147053.15,125300.61,86699.49,83224.38,154688.96,,116207.12,132721.43,136572.76,,70722.63,92924.8,261643.97,,62808.92,,,73847.74,101664.35,176246.18,,,,227849.8,318207.92,,366795.23,329967.71,171428.74,,224181.99
2011-11-30,170845.32,113842.65,133152.3,124636.27,190325.52,46719.41,172030.04,252868.66,105114.09,,103277.32,150197.47,,87436.54,111408.94,146299.59,95519.62,145961.1,122580.41,86295.13,83038.8,154062.55,,115868.34,132421.53,136175.09,,69452.0,92729.05,259693.55,,62747.81,,,73861.54,101186.04,175981.7,,,,227827.0,312024.28,,367693.98,328675.86,171168.07,,222028.08
2011-12-31,168842.5,112032.95,132433.3,124198.72,189913.61,45977.41,171559.74,252035.33,102614.67,,101199.49,150595.15,,87640.9,111299.05,146020.82,95252.07,144276.84,120960.65,86040.28,82937.68,154159.4,,115501.18,132325.45,136060.67,,67422.05,92576.92,257526.37,,62846.4,,,73481.26,100977.22,176210.35,,,,228099.67,308142.55,,368367.73,327768.24,170966.57,,223464.84
2012-01-31,165943.52,110326.96,132974.02,122030.89,188201.66,45229.94,170305.32,251162.96,100231.05,,100014.99,148310.37,,86847.1,110201.26,144966.02,94376.47,143605.5,118889.5,85072.78,82256.14,152415.52,,114872.09,131322.79,135103.19,,65877.46,91985.4,255818.08,,62196.57,,,72502.0,100369.86,175046.86,,,,226498.03,298248.4,,363262.93,324357.66,169784.15,,227016.58
2012-02-29,164304.78,108362.3,131427.66,121138.73,187604.8,44297.68,169154.6,251897.58,98813.89,,99356.23,146482.97,,85989.23,109226.67,143604.37,94866.23,141933.0,116944.67,84505.6,81791.26,153980.65,,114166.45,130336.45,134024.66,,64268.01,91497.43,254527.17,,61659.27,,,71392.82,100044.59,173644.6,,,,224825.9,295213.55,,359036.99,321107.97,168270.68,,231176.31
2012-03-31,163093.53,108471.97,130959.78,120705.7,186963.21,44632.73,168375.19,252929.6,98168.72,,100127.67,144990.72,,85092.67,108083.8,141956.55,95912.18,142481.87,113801.5,83620.22,81311.93,154570.68,,113334.41,129156.09,132812.63,,63118.54,90787.08,252883.02,,60911.16,,,70801.66,99303.46,172078.3,,,,222474.02,288604.74,,354282.59,316354.8,166941.56,,232959.71
2012-04-30,162669.39,109067.6,129328.23,121715.98,187332.76,45215.54,169849.49,253500.36,97188.06,,100517.53,146254.23,,84849.28,107662.8,141141.99,98537.39,143080.84,111178.03,83425.13,80959.95,155116.48,,112584.12,128741.28,132282.31,,61681.01,90628.45,251405.41,,60705.77,,,70567.77,98921.81,171500.68,,,,221632.38,287193.68,,363389.69,313941.68,166085.29,,233082.35
2012-05-31,162922.49,110083.01,129469.84,122503.45,187988.09,46490.43,170981.5,254766.82,95333.98,,101887.1,148222.54,,84649.33,107572.32,141128.29,101987.83,145388.97,110063.64,83505.06,80896.21,155536.36,,112305.69,128716.89,132047.69,,61022.48,90532.15,250974.95,,60778.38,,,70615.8,98941.17,171247.55,,,,221874.68,285769.48,,374751.82,312895.03,166211.96,,233074.64
2012-06-30,163739.9,110974.15,129810.01,123137.33,187689.88,47113.57,172436.76,255668.67,94005.97,,102924.0,149679.3,,84619.73,107612.59,141348.48,105200.39,147838.78,109895.45,83643.21,81039.59,157269.0,,112248.16,128817.97,131830.31,,59884.65,90596.56,250616.63,,60872.81,,,70657.42,99028.26,170820.0,,,,223550.83,285445.44,,383700.24,313508.45,166225.83,,228249.77
2012-07-31,164468.4,112278.52,130477.94,123169.93,186979.3,47935.4,172481.17,257288.27,94592.13,,104824.12,150910.82,,84629.61,107728.67,141658.25,106969.5,151511.94,110419.46,83672.23,81252.2,159265.61,,112288.89,129023.07,131597.27,,59596.35,90585.1,250986.88,,60948.87,,,70805.16,99158.83,170863.07,,,,225650.46,285754.65,,383770.84,314452.93,166615.07,,222208.28
2012-08-31,164427.81,112270.39,128681.35,121720.41,184851.97,48511.4,172242.92,255988.03,95400.78,,105493.68,150262.44,,84403.45,107316.69,140714.5,108007.25,152743.8,110448.67,83182.1,81303.69,158841.54,,111868.42,128426.25,130937.24,,58199.77,90166.22,249566.91,,60567.75,,,70507.34,98396.18,170042.43,,,,225814.95,284696.25,,378503.35,313485.65,165771.56,,215415.42
2012-09-30,162528.89,110954.61,126860.42,120099.71,183660.11,48116.33,171328.97,254981.66,96174.94,,107261.94,148734.28,,83718.1,107247.83,139917.52,108316.25,152383.34,110076.01,82871.57,81931.41,156940.5,,111602.33,128110.98,130612.09,,57947.64,89928.56,249184.2,,60389.75,,,70095.36,98009.09,169551.25,,,,223249.56,285586.33,,377363.15,309228.92,164873.52,,215057.44
2012-10-31,161391.12,110390.86,126789.16,119340.64,184293.57,47949.0,170895.21,254831.94,97707.2,,108367.38,147763.08,,83278.49,107716.83,139044.26,108721.52,151436.66,112206.48,83093.72,83039.83,155733.84,,112053.79,128402.05,131353.23,,57739.22,90136.78,249134.87,,60736.59,,,70180.37,98188.37,169967.51,,,,221741.5,286001.54,,378268.3,306277.44,164820.91,,215677.46
2012-11-30,161822.96,111959.38,128672.97,119471.73,185141.28,48591.11,172157.43,254976.33,99747.79,,109580.75,147647.87,,83440.31,108600.93,139720.39,109130.81,152249.13,115828.36,83673.66,84275.73,157279.71,,112952.09,129461.98,132531.64,,59628.21,90897.22,250471.76,,61328.71,,,70731.07,98983.27,171407.1,,,,221834.07,290198.11,,387386.78,304815.41,165771.87,,218572.32
2012-12-31,163356.15,114640.3,130266.6,118698.12,185595.97,50307.19,173564.7,254917.66,101675.69,,109950.34,147759.58,,83261.0,109095.86,140582.45,110622.55,153403.56,120017.98,84344.3,84657.13,156745.23,,113771.6,130315.73,133544.92,,60873.81,91463.26,250840.45,,61904.11,,,71400.37,99653.89,172769.68,,,,223263.02,291211.85,,394204.81,306807.13,166714.62,,221234.76
2013-01-31,165390.42,116437.98,130626.2,118372.62,185547.53,51459.35,174243.88,253958.5,102724.08,,109987.03,147137.01,,82644.3,108998.45,141376.91,112559.68,154126.72,123516.62,84858.63,84890.85,157031.9,,113831.82,130566.91,132500.26,,62239.71,91710.42,251148.7,,61878.82,,,71202.73,99822.76,173165.07,,,,223999.3,295216.21,,401082.63,307659.25,166862.34,,221029.67
2013-02-28,165855.85,117880.2,129736.36,118050.23,185422.22,52278.84,174302.44,254061.13,103235.79,,108790.57,145743.59,,81222.5,108421.1,141331.72,114787.68,154505.95,124897.51,84843.01,84451.81,154454.81,,113216.49,130140.35,130815.36,,62162.38,91415.42,250334.51,,61663.8,,,70507.98,99638.28,172827.13,,,,223405.66,296156.0,,400964.26,306649.35,165981.14,,218222.9
2013-03-31,168343.32,119371.97,129845.61,119476.53,185963.88,52905.02,175842.16,255802.18,104670.11,,107660.21,144988.65,,80635.82,108548.95,141326.58,117690.12,154709.99,126290.64,85121.61,84536.34,155026.21,,113164.8,130442.36,129672.2,,62913.25,91630.97,250765.55,,61654.73,,,70100.97,99828.57,173322.57,,,,224453.93,299322.49,,405341.65,306897.84,166117.0,,215455.58
2013-04-30,171091.79,121132.58,131056.77,121308.72,187458.09,53728.49,178378.89,258424.67,106098.86,,107807.99,144904.69,,79606.7,109101.01,141201.78,117719.42,155029.28,126404.21,85464.2,84974.06,154179.18,,113609.34,131253.34,130432.6,,65277.57,92287.96,251372.43,,62094.17,,,70456.02,100444.31,174293.06,,,,225623.15,301775.84,,408178.49,308482.17,166873.21,,216127.83
2013-05-31,173449.42,123019.65,132639.52,123057.87,188285.68,54814.14,180194.8,259828.2,107741.26,,109452.45,144504.45,,78763.16,109407.85,140778.82,117849.13,155136.0,126377.05,85876.76,85498.34,153233.68,,113715.77,131644.4,130760.14,,67183.64,92661.64,251223.84,,62386.44,,,70648.06,100811.13,174512.07,,,,226556.2,303476.93,,410562.0,308785.06,167422.67,,216430.49
2013-06-30,175613.26,124845.35,134489.22,124800.86,189446.7,56749.73,181923.03,261612.39,108069.31,,111759.33,145120.74,,78246.65,109745.9,140506.63,118974.12,155627.69,126635.06,86327.07,85983.87,151958.01,,113854.11,131964.8,131035.63,,69371.8,93066.46,251226.19,,62680.71,,,70997.55,101101.11,174535.37,,,,227323.07,305358.72,,411677.72,308750.03,167835.38,,217601.66
2013-07-31,178494.44,127201.43,136471.76,126521.66,190542.31,58991.6,184620.02,263946.37,108676.03,,113617.41,145832.3,,78417.86,110355.76,141184.43,123595.46,157505.34,128879.9,86782.25,86523.05,151026.53,,114186.64,132596.42,131325.81,,69996.3,93416.07,252319.07,,62969.86,,,71599.8,101545.4,175136.24,,,,228937.42,306571.32,,409981.96,309066.79,168729.85,,217700.2
2013-08-31,180909.51,129867.22,139023.61,128230.11,192025.36,60552.76,188125.49,266496.09,109518.84,,115215.72,145315.7,,78326.18,110881.82,140929.77,127533.39,159125.8,129962.4,86939.41,86888.65,150404.7,,114672.56,133075.45,131715.0,,71093.71,93662.98,252871.27,,63002.08,,,71960.49,101701.32,175428.37,,,,230289.31,306144.6,,408621.33,309478.47,169060.14,,218342.22
2013-09-30,182598.23,133179.45,141683.8,130315.94,193699.9,61530.72,191954.41,268109.47,110025.41,,116723.43,145141.82,,78055.2,111338.65,140772.4,130331.15,161638.41,129642.84,87233.91,87020.95,150748.43,,115131.32,133566.07,132235.09,,71415.49,93930.66,253850.2,,63089.87,,,72252.11,101967.26,175877.4,,,,231743.2,302006.44,,407552.15,311712.48,169578.68,,217762.81
2013-10-31,184391.39,136755.15,144211.38,132770.95,193713.27,64143.65,196786.25,269809.51,111692.21,,119523.34,146089.73,,78509.63,112234.87,141481.54,132426.55,164743.65,127907.31,88067.89,87584.96,151975.16,,116213.98,134534.93,133222.12,,72554.31,94611.63,255030.49,,63607.34,,,72526.35,102667.72,176839.85,,,,232754.58,300867.18,,407554.67,314015.66,170658.31,,218701.23
2013-11-30,186766.86,139249.61,145594.07,135466.11,192315.4,67142.8,199544.92,272153.49,113943.08,,122789.92,147210.12,,78879.16,112903.92,142187.52,134870.12,167308.13,127145.21,88944.72,87946.32,152897.46,,117135.68,135487.76,134000.34,,73125.59,95350.31,256470.62,,64157.77,,,72877.27,103366.85,177918.74,,,,233253.86,299381.7,,406330.84,316865.26,172198.28,,219893.81
2013-12-31,189216.71,141527.27,146545.2,137682.31,189999.96,69653.71,201356.53,275675.38,116613.38,,124956.64,147314.45,,79534.19,113299.51,142802.13,137260.76,168652.11,127410.84,89333.16,88653.06,153031.58,,117885.69,136264.81,134623.16,,74602.86,95856.47,257226.21,,64639.6,,,73152.25,103992.14,178803.87,,,,233065.01,302346.83,,404748.25,317334.39,173266.31,,220488.34
2014-01-31,191518.79,143391.98,147369.87,138371.08,190891.97,71782.27,202505.9,279362.36,117873.82,,126621.38,144994.56,,80471.47,113137.15,142765.16,139142.55,169198.17,127319.26,89438.54,88952.56,151907.34,,118112.37,136513.46,135060.61,,75091.47,96023.95,257551.83,,64544.66,,,73296.03,104251.28,179243.78,,,,233022.12,305072.12,,405119.65,317389.0,173455.22,,220607.54
2014-02-28,193363.05,144915.47,149021.56,138691.85,192111.5,73353.41,203309.71,281915.83,117664.57,,127779.36,143388.32,,81325.4,113133.71,143069.75,138140.67,169383.88,127484.8,89680.44,89306.24,151804.04,,118358.61,136798.1,135555.4,82102.88,76161.18,96125.28,257765.99,,64574.87,,,73608.78,104630.76,179936.08,,,,233446.75,308299.5,,403582.83,316839.1,173395.16,,220196.77
2014-03-31,194443.26,145544.48,150009.93,139282.82,192903.28,74842.3,203619.08,281988.51,117399.02,,129558.08,140172.14,,81889.03,112824.3,142857.68,135872.5,168758.5,127369.95,89811.26,89450.76,152780.89,,118185.34,136699.02,135520.79,79533.84,75996.66,95976.21,257059.92,,64312.4,,,73574.89,104590.55,180192.79,,,,233303.27,309330.08,,401736.44,316221.05,173021.71,,220134.31
2014-04-30,195324.23,146198.02,151054.43,140610.46,191960.18,76117.52,203077.71,282390.27,117863.34,,132138.35,138709.96,,81596.16,112905.53,143006.74,136044.51,169019.01,127563.64,90073.28,89718.97,155557.78,,118290.27,137061.11,135761.57,79520.39,76240.21,96339.41,257370.82,,64520.48,,,73736.27,104834.05,180826.37,,,,234244.35,308938.38,,400572.86,316600.46,173314.53,,220724.28
2014-05-31,196307.49,147071.55,151645.31,141543.36,191317.02,77313.56,202966.02,283023.08,118561.01,,133922.91,137860.39,,81718.89,112996.64,142420.43,137162.97,169760.7,127995.49,90042.99,89905.75,157385.59,,118352.66,137355.11,135912.86,78960.41,75786.47,96600.46,257670.27,,64726.35,,,73873.88,104970.72,181286.18,,,,234860.09,310402.03,,399293.47,317099.24,173658.26,,221052.72
2014-06-30,196984.93,147522.95,152105.65,141612.77,191648.83,77900.85,202877.68,284808.31,120282.06,,135200.73,138208.12,,81772.48,113313.38,141701.18,139765.99,170543.53,127791.21,90382.46,89908.01,158553.8,,118754.08,137886.84,136389.99,78415.15,76092.67,96968.84,258634.64,,65028.2,,,74220.99,105375.85,181690.19,,,,235955.28,315208.52,,398848.94,318106.33,174199.72,,221476.2
2014-07-31,198422.22,148950.9,152927.44,142391.85,192660.47,78110.65,203345.56,286865.4,122510.38,,135455.32,138187.33,,82260.35,113814.81,141052.63,139850.45,170460.6,127568.27,90888.65,90311.85,160344.84,,119380.97,138609.65,136983.9,78954.04,76445.03,97229.69,259815.69,,65297.76,,,74707.17,105886.64,182375.28,,,,237238.35,319171.07,,397880.93,319835.07,175302.96,,222494.5
2014-08-31,199542.9,149814.09,153937.05,143009.46,192552.34,78750.48,204138.8,289036.28,123935.8,,136171.15,137496.38,,82616.38,114433.28,140853.15,139421.84,170581.12,126894.49,91546.12,90831.09,162134.3,,120235.87,139536.65,137815.84,80433.85,77324.17,97663.17,261379.77,,65476.9,,,75210.28,106425.71,182932.52,,,,238974.29,321259.98,,400292.48,321877.68,176347.52,,223803.95
2014-09-30,200392.88,150487.0,154780.18,143541.6,191638.18,78697.49,204588.8,290160.62,124464.81,,136783.24,136243.31,,82363.47,114878.42,140298.33,138471.58,170995.25,126421.25,91924.93,91423.66,162923.88,,120786.37,140066.4,138424.2,80013.01,77364.53,97998.72,262335.37,,65581.04,,,75501.61,106634.96,183283.75,,,,239888.14,319965.98,,400732.14,323615.75,176980.52,,225148.18
2014-10-31,201555.12,151569.8,156865.1,144430.65,191065.78,78290.67,204814.06,292260.24,124494.53,,137946.53,136090.18,,82422.15,115785.28,140289.17,137502.76,172617.24,126737.15,92673.98,92195.2,163322.97,,121869.38,141029.21,139395.37,80008.27,78110.66,98540.56,263627.38,,66172.48,,,76015.54,107164.8,184206.65,,,,241859.9,317900.44,,404666.59,326553.43,178028.8,,226666.54
2014-11-30,203698.79,153518.78,159382.02,146291.85,192056.52,78455.52,206203.7,295038.35,125774.92,,139284.88,136570.06,,82253.74,117157.91,140829.55,137896.05,174473.1,127890.21,93971.42,93356.81,164073.86,,123276.29,142406.91,140705.12,79760.14,77742.88,99442.51,265549.97,,67001.78,,,76605.42,108192.75,185884.1,,,,243957.17,315743.81,,408112.73,330315.8,180051.03,,229219.27
2014-12-31,206089.0,155332.12,162052.93,148115.8,193336.26,80070.86,207667.76,298477.78,127287.22,,141196.54,137547.3,,82427.0,118398.6,141838.66,138821.43,176512.1,129163.03,94531.3,94506.02,165900.62,,124512.68,143862.36,141923.35,81294.44,77691.97,100204.24,267376.47,,67916.01,,,77363.32,109272.35,187766.97,,,,246269.79,313407.16,,410488.0,332649.4,181957.52,,230771.59
2015-01-31,208973.5,157579.12,163948.17,149952.77,198163.25,81824.86,209209.72,302493.79,127974.14,,141978.43,138550.7,,82525.9,119519.74,143144.29,141277.39,177803.88,130412.54,95420.22,95867.26,168305.54,,125192.84,145262.65,143398.29,82196.97,76080.65,101233.01,269516.96,,68444.14,,,78025.02,110417.65,189637.74,,,,246343.26,314199.39,,411786.22,334135.85,183289.01,,231988.45
2015-02-28,209871.77,158319.01,163910.67,149616.66,201567.74,82562.3,208775.44,304220.55,127600.3,,141488.4,138763.39,,82194.33,119239.37,143399.07,141574.39,178242.61,130391.07,95720.78,96279.69,169020.55,,124375.81,145321.13,143657.03,82046.38,75377.36,101165.75,269022.95,,68416.24,,,78180.78,110511.73,190115.08,,,,244735.53,312494.23,,410070.04,332540.49,182439.51,,230889.16
2015-03-31,211458.37,158420.62,163343.14,148747.8,203565.5,82615.6,207943.72,304601.57,126430.54,,140433.82,138715.46,,81417.65,118846.89,143429.31,140202.53,177728.56,130256.93,97130.57,96362.45,168554.77,,123194.95,145121.27,143627.93,81574.78,75484.48,101159.26,267623.6,,68188.7,,,78018.65,110496.46,190092.68,,,,242417.69,312372.51,,409183.72,332117.89,181577.58,,231098.16
2015-04-30,213845.67,158525.75,163997.78,148622.91,202929.21,82000.14,208604.47,305721.06,127740.88,,141033.32,139228.13,,81125.77,119046.1,143508.4,138698.74,178143.26,130247.33,99122.5,96481.82,168187.73,,123204.69,145577.04,144002.67,83518.06,76717.54,101696.69,267048.04,,68352.69,,88323.96,78270.58,110870.68,190931.4,,,,243102.59,313718.35,,411191.21,333436.22,181973.18,,232739.35
2015-05-31,215918.91,158410.76,164754.93,148983.75,201907.57,80538.37,209407.5,305583.5,129811.45,,141874.49,138603.18,,80349.9,118980.31,143551.95,137888.01,176756.81,129505.67,100316.0,96153.54,167258.65,,122856.96,145591.37,143856.49,88250.47,77340.7,102065.86,265531.48,,68440.39,,87706.29,78350.42,110866.32,190838.04,,,,242799.57,315200.22,,411874.22,334271.42,182050.06,,233961.66
2015-06-30,217417.66,159402.55,165741.99,149885.32,202523.66,79841.82,210412.82,306193.4,131926.69,,142798.38,138429.06,,79826.9,118972.95,143865.53,137080.82,176090.06,128590.93,101693.41,96204.71,167362.61,,123114.66,145826.93,143845.63,91556.78,77366.74,102361.31,265447.88,,68536.06,,86768.31,78627.91,110820.11,191016.4,,,,242984.36,315240.5,,412713.84,334384.43,182167.06,,234454.66
2015-07-31,218049.8,160634.3,166015.68,151560.45,203495.07,81139.84,211840.13,307377.99,133579.39,,143893.19,138955.8,,78807.95,119103.02,144830.92,137301.71,175619.34,128094.79,102519.86,96629.81,167768.02,,123440.96,146498.69,144235.2,94858.82,77926.18,102731.28,265727.32,,68849.84,,86311.04,79126.33,111005.45,191501.07,,,,244176.92,317216.71,,414783.01,336022.31,182858.77,,235540.84
2015-08-31,218452.46,161996.72,166664.62,153144.14,205168.61,83072.02,213068.43,308602.31,134248.34,,145270.48,140009.74,,77889.74,119389.01,145311.58,137670.81,175838.53,128113.31,103571.94,97273.75,168537.76,,124131.64,147289.33,144942.93,96541.44,78320.67,103048.85,266787.94,,69057.09,,86026.2,79632.11,111403.26,192137.58,,,,245230.64,318695.34,,416447.34,337505.2,183232.7,,235787.72
2015-09-30,219471.64,163363.21,167589.34,154589.14,204541.74,84531.25,214352.39,309898.01,134692.17,,146837.91,140539.89,,77271.49,119737.32,145460.81,137598.56,176616.63,128323.04,103197.05,97721.05,169006.36,,124738.07,148039.14,145563.09,100674.85,78715.96,103500.17,267669.19,,69391.79,,86453.46,80132.98,111961.15,193007.22,,,,246325.26,321589.71,,416164.87,339786.5,183635.64,,236316.27
2015-10-31,220950.61,164352.7,168844.04,154991.89,204396.66,84464.45,216431.81,311467.57,135334.3,,148282.95,139687.13,,77391.12,119877.3,145549.96,138333.11,178088.79,128753.91,103129.92,98008.36,170153.13,,124776.72,148592.44,146037.9,103901.14,78147.37,103967.29,268555.84,,69675.09,,85953.24,80520.95,112252.37,193832.83,,,,247802.57,322679.08,,413575.43,340937.72,183830.57,,236214.18
2015-11-30,223760.29,165361.88,170170.37,156172.61,204531.35,84259.18,218201.45,313559.54,136122.04,,149675.84,139483.6,,78462.73,119503.71,146051.66,139594.9,179584.75,129006.23,103399.33,98594.59,171848.65,,125080.66,149600.81,146666.94,106545.79,78137.58,104861.25,269043.84,,70105.1,,85746.12,80870.1,112809.95,195192.0,,,,249397.21,325375.03,,411871.5,341841.44,184905.97,,237485.42
2015-12-31,225521.38,166720.7,171510.54,157882.66,206759.82,84412.56,221056.55,316668.82,138388.26,,151735.05,139443.6,,80450.94,118483.35,147099.56,141492.81,180709.99,129612.96,104249.54,98672.9,173222.18,,125238.48,150896.8,147720.72,108896.32,77843.32,105873.34,269392.87,,70667.97,,85400.14,81521.34,113352.36,196778.59,,,,254062.13,327429.32,,413420.51,342455.13,186375.72,,236813.95
2016-01-31,227303.99,167502.91,172035.54,160915.7,212697.62,83539.11,223079.56,317500.47,139422.69,,153264.86,140462.51,,81405.59,117037.08,147191.29,140928.55,180846.47,129102.13,103870.77,98315.86,173512.59,,125430.18,151561.05,148247.4,108873.2,77463.03,106322.5,268707.73,,70852.02,,84927.21,81807.74,113752.85,197229.31,,,,254308.07,326456.73,,409375.7,342145.52,186713.32,,235448.44
2016-02-29,228993.46,168332.77,173511.34,163165.48,217109.17,82576.64,224841.34,318721.45,140298.18,,154948.87,141344.65,,82048.4,116678.56,147559.68,140482.19,181286.07,128925.86,103095.63,98277.57,174032.08,,126208.27,152270.09,148901.58,108996.46,77317.96,106860.94,268949.9,,71188.06,,83402.81,82408.9,114212.58,197967.13,,,,256398.42,325827.74,,407455.54,343117.16,186955.33,,234202.07
2016-03-31,231394.37,168820.05,175138.06,164729.36,220308.88,81476.0,225220.95,318226.16,139002.4,,155842.52,141832.97,,81277.82,116478.68,147081.57,139213.04,181337.66,128456.6,102582.55,98620.25,173958.96,,126826.3,152472.25,148851.46,108244.95,76856.83,107045.92,268610.67,,71243.04,,81709.07,82375.9,114334.87,197705.4,,,,255663.05,326635.63,,401989.3,343162.91,186723.36,,234036.74
2016-04-30,232601.18,169277.61,176524.72,165089.61,219223.41,81642.33,224857.85,318048.18,137363.99,,156665.24,140942.89,,80635.03,116123.81,146757.21,138733.53,181468.19,128393.8,102644.33,97879.49,173697.58,,127279.81,152494.61,147151.15,107731.7,76929.59,107164.78,268608.5,,71327.41,,81492.22,82344.46,114284.12,197453.53,,,,256936.45,329594.94,,402608.21,342300.34,186570.45,,233873.95
2016-05-31,233342.99,170354.89,177065.0,165411.57,219985.77,81359.06,225234.26,318186.22,135222.84,,156965.54,140940.83,,79927.1,115991.96,146467.32,138000.29,181968.78,128369.41,103552.73,96281.69,172919.83,,127550.26,152651.1,143331.54,107599.06,76203.24,107376.67,269500.51,,71402.0,,83475.51,82342.54,114282.0,197399.21,,,,258299.28,333306.53,,401942.2,341029.77,186892.34,,233933.57
2016-06-30,232805.7,170442.5,176890.51,166209.92,221689.17,80682.65,225551.08,318666.71,134410.73,,157803.86,141235.58,,78830.5,115207.09,146518.61,138090.38,182587.32,127766.92,104226.01,94541.68,173185.0,,128008.29,152829.93,138621.61,107067.03,75872.5,107612.57,270384.21,,71359.14,,85688.6,82584.04,114417.71,197514.05,,,,258606.37,333703.04,,403517.9,339558.71,186839.61,,234007.63
2016-07-31,233078.18,171120.86,177548.49,166938.16,222836.66,80444.6,226984.83,320880.45,134607.61,,158805.87,142567.21,,78443.91,115397.51,146971.94,138570.76,183717.08,127298.05,106049.02,94662.84,173702.52,,129148.26,153807.84,135337.97,106882.85,76002.87,108386.45,272345.78,,71610.47,,86995.58,83350.66,115006.5,198817.25,,,,257034.68,336110.13,,404071.99,340601.2,187741.9,,235236.76
2016-08-31,232737.38,171308.9,177559.33,167398.68,222614.93,79776.8,227875.8,322196.68,135002.91,,159281.25,142744.48,,77978.82,115212.75,146855.56,139157.13,184238.62,126852.21,107440.38,94967.86,174596.78,,130010.7,154257.0,133694.17,106199.42,76228.89,108757.75,273128.58,,71615.01,,87186.86,83683.32,115087.06,199093.25,,,,253296.52,336940.4,,404769.66,339999.07,187827.19,,235680.21
2016-09-30,232093.17,171797.97,177537.97,166527.6,216638.56,79033.48,228657.03,322963.17,134200.91,,158568.56,142520.16,,77880.32,115227.81,146247.66,138620.55,184191.4,127033.6,109372.25,94933.12,174302.23,,130994.68,154459.95,133256.75,106039.39,77464.79,108956.72,273410.34,,71593.24,,87067.52,83829.32,115101.19,199162.85,,,,249890.97,339086.56,,404065.71,339216.87,187580.82,,236404.62
2016-10-31,233828.9,173112.73,178189.9,167040.99,211989.05,78382.54,229320.21,323574.0,134054.68,,159148.34,142604.23,,77649.51,114609.15,145831.03,138436.89,185275.85,127294.11,110418.48,94737.56,174351.63,,132360.24,154775.95,133050.3,107864.55,78985.41,109234.83,273422.29,,71764.4,,86790.88,83884.55,115251.32,199310.23,,,,249330.56,341611.18,,406303.14,338081.1,187438.1,,237258.29
2016-11-30,236209.99,174532.25,179504.2,169239.33,208024.96,79263.41,231324.13,326226.49,134932.52,,160704.75,142668.98,,77984.46,114814.75,145847.93,138914.5,187289.85,127608.02,111233.67,94784.31,175343.89,,133951.16,154940.53,133132.14,109732.13,80648.13,109989.15,274586.11,,72157.82,,86624.8,84149.28,115908.02,200158.14,,,,249950.18,345409.63,,409045.16,338237.63,188021.56,,238151.79
2016-12-31,239413.88,175972.51,181303.03,170885.39,208760.89,80294.73,232538.04,328609.21,136683.24,,163101.06,142086.29,,77855.67,114994.78,145735.05,139990.23,189853.26,127059.77,111173.92,95326.18,176683.08,,134775.26,154496.53,132835.32,110824.78,81117.18,110501.45,275345.75,,72378.85,,86471.06,84386.06,116327.41,200561.03,,,,250264.25,345131.87,,410620.13,334629.41,187384.7,,239051.21
2017-01-31,240452.87,175917.28,181821.93,171353.42,207973.01,80797.52,232205.18,328878.41,137331.1,,168118.71,140056.7,,76784.9,114872.4,144488.55,140680.04,189346.05,126422.59,110765.67,93824.18,177250.74,,134779.06,153273.62,132318.69,110071.44,80263.4,110348.89,275626.55,,72096.38,,87136.07,84295.58,116285.32,200140.89,,,,254319.2,341804.84,,415413.13,330445.32,185942.1,,238584.06
2017-02-28,242369.5,177084.73,182850.24,172481.58,207314.67,81333.65,232372.46,329477.19,137849.54,,174538.26,138780.4,,75493.82,114593.77,143526.1,141951.92,188520.71,127134.85,110658.31,92043.46,177891.32,,135217.77,152889.57,132767.55,109625.1,79948.32,110393.91,276433.77,,72110.3,,87560.94,84656.25,116515.2,200621.95,151015.66,,,258701.05,335325.55,,422457.61,328419.61,184856.96,,239474.56
2017-03-31,244574.63,178084.07,183605.07,174409.9,207134.12,82270.75,233005.5,330638.86,138183.16,,179631.41,138544.73,,74711.79,114574.97,143382.75,142901.87,187074.71,128989.21,111129.67,90232.67,178462.69,,137008.35,153582.29,133643.4,110382.17,80167.05,110747.4,277997.66,,72320.78,,88636.63,85020.9,117007.37,201570.52,150403.61,,,263426.37,335944.37,,430203.05,329997.28,185515.2,,240081.14
2017-04-30,245031.32,178704.58,184356.12,175104.39,206122.33,82971.85,233756.15,331719.88,138797.83,,179917.18,139091.58,,74759.14,114606.41,143155.44,143387.28,186551.92,130659.17,111567.01,89867.55,180003.36,,138419.12,153878.33,134077.29,110725.83,81855.13,110890.91,278468.4,,72395.84,,89871.2,85212.56,117148.15,202007.48,150715.11,,,263176.7,336798.5,,430039.26,328323.61,185610.0,,240361.75
2017-05-31,246177.95,179905.43,185985.11,175356.28,206489.63,83495.25,233955.53,333459.51,139759.89,,179587.68,139165.63,,75216.8,114760.8,143569.24,143481.92,186946.85,132093.89,112018.69,90463.9,181354.71,,140129.79,154376.35,135083.4,111854.97,84401.2,111255.85,279294.2,,72392.22,,91814.94,85532.73,117392.53,202522.62,151594.23,,,264292.08,342111.51,,428940.7,327729.11,186215.54,,240999.37
2017-06-30,246827.26,181698.04,187974.56,176434.49,206732.64,83517.73,234718.9,335189.3,140548.05,,179836.89,139018.9,,75847.77,114937.9,143737.2,144283.67,187890.96,132489.14,112249.17,90677.57,182989.7,,141053.32,154948.91,136298.67,112550.88,86908.02,111703.92,279838.37,,72394.47,,92515.69,85965.33,117741.74,203192.1,151682.21,,,265671.36,340587.35,,428558.01,328327.53,186658.67,,241540.68
2017-07-31,248349.63,183368.24,190496.64,178906.16,208428.61,84156.19,235863.09,337547.47,141195.57,,180854.68,138643.21,,76010.47,115184.58,144637.91,145845.58,189022.22,132760.06,112680.73,90632.26,183722.29,,142106.17,155740.96,136739.55,113379.14,88971.1,112310.91,281505.99,,72349.88,,93350.73,86451.49,118122.52,203994.42,153750.0,,,267669.92,342734.63,,429283.12,330482.11,187196.16,,242567.12
2017-08-31,249091.5,183320.06,191295.18,180228.91,209191.74,84474.33,236552.78,338360.32,141909.18,,181692.88,138394.91,,75459.56,115190.07,145290.48,146934.58,189599.09,131858.39,113374.3,90257.71,184671.61,,142716.73,156513.91,136597.27,113369.46,89630.29,112622.36,282732.77,,72300.7,,94178.17,86733.76,118217.15,204374.27,154145.67,,,267349.52,343228.56,,427919.29,331325.73,186940.72,,242944.24
2017-09-30,250795.48,183264.83,191874.97,181705.15,209902.14,85053.96,236955.53,339001.28,142738.27,,182136.86,138217.94,,74511.35,114976.59,146145.04,148385.36,189455.47,132439.77,113478.23,88884.03,185805.78,,143070.16,157169.86,136531.99,114083.11,89647.63,112642.47,283845.9,,72153.18,,95718.02,86923.9,118134.44,204463.08,154910.3,,,267532.33,347399.77,,424685.36,331327.91,185721.61,,243759.46
2017-10-31,253662.71,184503.41,193325.96,183481.81,211178.02,86493.94,238651.62,341805.16,144609.41,,183128.04,138541.2,,74572.92,115653.36,147674.2,149961.66,190089.1,135298.33,114803.83,88321.75,188398.47,,145398.77,159580.43,138370.34,116455.95,90118.26,113310.54,286108.31,,72634.41,,96866.34,87702.05,118952.79,205971.37,153990.29,,,270091.27,350130.75,,424849.26,334731.0,186018.36,,245631.92
2017-11-30,255736.98,186076.4,195079.22,185744.3,212806.92,88122.26,240911.56,344421.17,146043.8,,184690.24,139102.17,,74832.21,116376.11,148737.91,151724.41,190542.92,138522.19,115572.33,88980.19,190080.86,,147592.4,163085.63,140085.23,119419.17,91094.33,113855.27,287704.1,,72980.39,,98085.29,88174.0,119863.17,207122.7,154522.0,,,274537.98,353416.77,,420661.2,336793.68,186623.89,,247706.39
2017-12-31,257395.98,187252.57,197216.64,188272.33,214723.6,89219.14,244061.99,347598.76,147702.08,,186175.01,139846.17,,75517.94,117282.53,149541.75,152993.54,192255.07,140581.79,117035.71,90024.6,191170.29,,150265.34,165854.37,141170.54,121254.43,92631.2,114526.64,288928.0,,73407.38,,99529.96,88648.46,120588.63,208384.68,155372.59,,,277781.63,353028.68,,419172.49,335919.03,187796.76,,249051.25
2018-01-31,258294.46,188549.06,197629.32,190359.61,214173.27,88760.88,245399.14,348098.32,148314.79,,186931.31,140619.99,,76886.98,117525.99,149097.92,153551.23,193781.91,139770.99,117978.63,91087.52,190595.5,,151240.16,166186.71,140992.39,122251.12,93832.07,114619.78,288575.54,,73419.17,,99770.22,88522.59,120943.51,206927.57,155662.33,,,275459.89,348764.1,,414244.18,332087.23,187925.19,,249208.22
2018-02-28,259811.75,189611.14,199084.31,191659.07,213801.27,89529.59,246829.21,348170.75,150161.67,,187541.75,141047.31,,78335.11,117502.07,148757.44,153841.5,195741.82,138952.89,119075.57,91088.78,190463.45,,152387.21,166484.31,140633.67,123568.38,94589.81,114793.75,288917.87,,73500.18,,99995.73,88797.67,121241.51,204753.66,156108.77,,,273080.38,345433.82,,415887.14,329114.75,187936.32,,249274.09
2018-03-31,261255.84,191233.82,199440.36,193732.65,212937.15,89976.99,247430.79,349321.54,152406.18,,189587.75,141213.17,,79643.89,117722.24,148292.2,154884.79,197298.34,138989.08,119571.69,92463.93,191044.71,,153790.58,167130.38,140705.31,125155.7,95613.34,115358.99,289866.93,,73691.17,,100057.96,89189.64,121986.07,203548.39,156806.78,,,271454.54,345796.29,,415963.41,329434.35,188681.47,,249991.47
2018-04-30,261884.67,191889.94,199898.14,194075.61,212790.63,90721.28,247609.7,350493.73,154798.71,,190511.01,140132.81,,79559.56,116994.33,148090.07,155341.28,197527.66,139780.97,119315.05,93237.46,191395.94,,154649.45,167472.04,140859.0,124382.96,96742.83,115395.06,290606.38,,73572.36,,102541.66,89440.68,122183.07,203280.3,157581.44,,,272571.35,347084.32,,412539.5,328979.4,189037.31,,249941.08
2018-05-31,262983.72,192812.89,199585.77,195142.87,212122.85,90796.2,248313.68,352161.32,155077.78,,191289.85,139322.37,,79941.43,116494.44,147775.2,155377.43,198147.67,140465.54,119476.82,94020.42,191745.23,,154883.12,167928.67,140844.24,122684.53,99397.67,115212.06,291145.26,,73468.2,,104344.31,89451.3,122534.7,202956.28,158245.38,,,272533.7,344588.58,,409278.35,329635.4,189692.48,,249734.08
2018-06-30,264867.94,194148.0,200800.55,195547.3,212365.97,92122.86,249125.83,353188.67,155809.8,,191155.05,138703.73,,80625.76,116154.76,148108.95,155487.07,199588.54,141044.14,120632.98,94238.3,191654.46,,156073.64,168808.67,141123.05,121535.23,102392.63,115068.77,292645.44,,73520.9,,106717.73,89558.66,122958.08,202556.75,158368.11,,,273632.41,342679.79,,408100.55,330437.11,190800.52,,249820.77
2018-07-31,266959.48,195543.53,202478.3,197471.55,213350.4,94381.52,250634.25,354228.38,156974.72,,191504.91,137966.5,,81703.88,116956.06,148355.71,155925.31,201516.06,141783.69,121563.54,94565.25,192447.14,,157441.12,169833.73,141131.2,123034.59,105283.06,115627.52,295742.11,,73837.48,,107609.18,89745.77,123484.5,202468.88,160505.7,,,274684.55,340984.23,,410089.38,332596.07,191826.45,,250442.28
2018-08-31,267988.39,196984.05,203839.64,199031.08,214278.41,96570.37,251593.35,355684.39,159079.37,,192164.89,136894.05,,81992.82,117742.18,148951.36,156685.09,203200.46,143158.72,122199.96,94369.14,193480.92,,159738.56,170385.68,140780.92,124817.9,107501.17,116257.82,296810.35,,74047.21,,110568.77,89879.57,123810.27,202444.75,160813.28,,,276676.76,344379.26,,410040.61,331920.54,192486.25,,250817.63
2018-09-30,269937.15,198472.03,204954.0,200312.1,215132.57,98742.78,254111.41,357162.18,160074.02,,192961.24,136134.34,,82330.33,118954.12,149744.96,157409.74,204330.85,144195.36,122731.84,94579.41,194907.12,,162353.82,170727.59,141040.8,126989.27,109350.5,116640.22,297812.1,,74235.22,,113807.81,89919.87,124328.52,201892.32,161126.32,,,278653.07,347310.47,,410439.45,331893.89,193185.81,,251612.91
2018-10-31,271815.5,199915.39,206351.89,201296.82,216767.2,98946.56,256338.08,358774.01,160954.83,,194192.49,136276.87,,82484.42,118872.26,150615.81,158454.87,205520.92,144503.25,123498.94,94256.51,196476.49,,163616.75,170824.37,141669.97,128853.3,111439.29,116706.8,296992.27,,74270.95,,116781.92,89924.43,124836.94,201046.83,158747.12,,,280365.81,348346.97,,412223.75,331947.03,193839.21,,252429.7
2018-11-30,275170.19,201890.87,209013.18,203223.94,219961.63,99143.66,259651.36,361982.86,161836.07,,196737.55,137402.56,,83469.37,119050.35,152059.37,160851.57,207246.74,145691.91,124691.2,94460.21,198776.03,,165479.66,172120.33,143467.37,131898.31,113720.38,117307.45,299306.93,,74712.5,,118462.71,90422.11,126170.31,201504.6,159253.52,,,283306.45,351168.67,,416700.35,334492.22,195604.67,,254575.76
2018-12-31,277189.58,203953.09,211150.21,205193.56,223160.37,99912.63,262059.33,364344.22,163134.35,,200785.74,138610.74,,84322.8,118901.36,153184.56,163775.86,208567.66,146628.94,126439.9,94523.06,201467.41,,166477.73,173541.35,145156.91,134304.52,116094.34,118116.9,301455.65,,75268.51,,118982.87,91210.4,127463.0,202600.38,160701.84,,,285070.74,354380.24,,422227.17,336830.47,197378.57,,256055.42
2019-01-31,277027.64,204054.32,211850.91,205568.36,223192.04,102177.5,262795.21,364179.14,163238.98,,202201.86,139032.06,,84242.52,119575.97,152897.77,164750.66,208991.45,147514.92,127990.43,94371.48,201533.28,,168047.58,174385.55,146009.13,135886.07,117320.24,118087.87,301844.18,,75541.52,,117932.22,91389.39,128173.2,202958.88,162097.55,,,285972.73,358692.52,,423823.27,336835.67,198057.13,,255932.52
2019-02-28,275506.95,204339.07,211195.19,205674.13,222691.72,103939.63,263470.29,363994.19,164080.66,,202272.49,138992.84,,84147.42,120731.78,152268.27,164688.89,208971.26,147614.94,129906.93,94544.91,201666.6,,168432.22,174729.42,146451.32,136245.22,118559.52,117898.45,303338.87,186009.9,75803.6,,116784.14,91413.33,128430.96,203315.17,162630.53,,,285392.49,360547.93,,423928.56,337595.97,198147.54,,255598.5
2019-03-31,273479.21,204284.5,211196.73,205143.86,222141.88,105508.46,264005.25,362940.09,165233.89,,200698.78,137966.76,,84475.19,121468.48,151646.44,162909.18,209316.88,148156.47,131025.34,94325.12,201105.1,,168417.95,174897.0,146484.45,136216.52,120404.79,117649.24,302682.23,184550.77,75903.79,,117107.47,91087.35,128595.55,203069.02,163216.26,,,286101.05,361823.85,,422204.31,337116.12,197869.66,,255174.64
2019-04-30,272193.24,204847.32,210932.2,204865.91,219885.87,106104.9,264547.37,361598.71,166696.95,,200556.9,136717.42,,85102.27,122295.61,151260.02,161986.08,209895.02,148554.99,131740.58,94021.1,201767.14,,168457.72,175022.27,148891.81,135898.59,121783.41,117670.69,302003.2,183618.21,76002.26,,118245.61,90546.02,128852.03,202324.64,164302.02,,,286396.7,362748.56,,420484.58,336515.89,197998.21,,254777.2
2019-05-31,272684.79,205524.81,212156.55,204317.14,217922.52,107398.94,265499.05,359391.13,168636.48,,200749.77,135864.89,,85086.07,123169.32,151344.36,161885.37,210711.29,149411.16,132498.02,93174.66,202016.55,,169714.34,175642.58,151820.7,136933.48,121901.38,118106.85,299670.7,184107.84,76163.01,,120060.91,90048.87,129536.81,201896.01,165834.05,,,287894.21,364437.37,,419798.83,336742.15,198685.61,,255337.03
2019-06-30,271935.24,205889.45,212194.26,204460.7,215942.85,108601.21,266645.5,359587.24,170536.88,,202387.68,136331.47,,84708.76,124823.83,151412.72,163274.93,211931.22,150624.76,133044.07,93063.41,202984.44,,170704.9,176491.74,153700.11,139055.71,121469.23,118604.77,299894.93,185674.9,76518.65,,122221.26,89705.33,130507.55,202045.85,166862.45,,,288429.01,366248.95,,421788.27,338621.82,199590.44,,256762.45
2019-07-31,271486.24,206225.05,212163.04,204105.75,216454.87,109345.51,267627.06,360118.77,171137.37,,202887.61,136994.8,,84565.14,125405.72,151573.12,165038.58,212459.19,151420.42,133083.58,92723.07,203329.52,,170833.12,177107.74,153336.13,139462.31,121182.15,119030.45,300154.7,185654.38,76651.29,,125937.86,89409.92,131225.71,202638.89,168718.44,,,289295.57,367506.26,,420313.06,339881.26,200126.27,,258419.89
2019-08-31,270884.53,206868.32,212829.75,204642.47,216871.9,109967.67,268568.45,362458.89,171795.05,,203957.6,137502.68,,85295.94,125745.26,151878.12,166071.94,213585.19,152352.45,132887.86,93792.11,204561.49,,171249.0,178053.8,153419.09,137727.11,122515.24,119632.28,301459.83,184801.9,76998.77,,128929.0,89402.89,132257.36,203299.33,169396.83,,,290718.16,368155.39,,421184.66,340844.81,201177.6,,259822.4
2019-09-30,271453.91,207475.1,214302.31,204698.44,217905.5,110226.06,268939.66,362771.63,171576.18,,204110.05,137933.72,,86323.88,125650.29,152080.59,166768.46,213780.97,153857.33,133561.81,93953.35,205900.66,,171393.53,178750.18,154057.32,134868.06,123167.25,120173.26,300778.79,183841.11,77089.92,,130979.35,89626.52,132915.62,203757.47,169558.99,,,292317.02,369387.29,,418358.03,341453.06,202083.62,,260648.98
2019-10-31,270850.88,207532.39,214860.73,204495.64,217057.85,110482.11,269372.3,361842.66,171534.28,,204321.49,138110.42,,87392.2,126331.34,152047.41,166994.72,214130.66,155467.07,134001.06,94843.94,206612.03,,171954.09,178904.13,154423.29,134583.5,123755.92,120342.03,299422.63,184298.32,77232.41,,129802.9,89642.37,133262.92,203829.01,167138.89,,,292608.68,370174.4,,419779.65,341980.95,202321.59,,261061.31
2019-11-30,271432.4,208701.92,215181.41,205525.07,217042.75,110723.71,270826.57,362483.38,171371.29,,204710.37,139095.0,,88751.14,127774.64,152412.86,167892.09,214768.3,156915.62,135140.37,95015.99,207752.21,,172855.28,178670.09,154959.65,137926.03,124901.28,119939.24,299201.32,185424.22,77097.29,,130928.41,89524.29,133231.72,204132.24,165622.25,,,289833.46,373008.66,,419478.67,342665.26,201967.41,,261407.94
2019-12-31,272900.41,210016.95,215640.7,206598.11,216381.06,111670.0,272268.62,364422.39,172901.8,,205252.53,139826.88,,89150.74,128648.68,152721.43,167360.05,216755.29,157388.84,135705.8,95832.48,209286.98,,174118.03,178411.21,156118.32,142698.24,126626.25,119415.51,299308.6,187077.26,77094.73,,132315.84,89054.87,133298.76,204437.09,164687.36,,,289815.56,375263.33,,418890.44,343855.1,201280.44,,261215.16
2020-01-31,272487.72,209943.93,214922.35,206752.31,215442.4,112906.72,271820.4,364161.08,174646.27,,204876.92,140065.4,,88415.01,127990.4,152464.86,166580.93,217279.83,157070.5,135837.14,95088.18,210245.38,,174449.53,177406.44,156740.3,146210.48,128217.06,117959.93,297756.05,187769.42,76643.75,,132027.68,88087.1,132668.53,204026.66,163476.75,,,291550.0,373891.26,,413857.84,341389.43,199965.23,,259410.59
2020-02-29,273085.44,210235.27,216026.22,206818.3,214254.62,115293.38,271475.63,361327.64,176868.78,,205163.75,140490.36,,87536.55,127847.12,152200.76,166488.22,218252.18,157897.62,136256.44,94736.5,211001.74,,174789.69,177636.39,157500.61,147724.74,129043.86,117697.19,295804.02,189984.75,76856.52,,129292.85,87783.24,132961.1,204538.41,163885.91,,,298056.37,370625.05,,413416.31,342515.96,200272.37,,259369.38
2020-03-31,275244.96,211473.47,217899.15,207668.43,214028.56,117227.17,272641.57,361537.36,178094.0,,206083.86,141677.62,,87566.5,128687.14,153659.65,169043.09,220218.51,159412.63,138074.97,94224.45,211297.54,,175924.13,178696.55,159376.98,148797.84,130997.3,117886.07,296177.85,191965.32,77370.28,,127720.06,87905.72,134060.65,207600.4,165294.4,,,300237.02,366653.29,,417038.73,344414.11,201569.33,,260531.91
2020-04-30,278727.87,213920.46,221617.66,208970.36,212136.53,118573.17,276045.6,365794.51,179611.27,,208517.72,143364.18,,88415.3,130007.25,155952.44,171325.99,223174.69,161655.01,142985.63,94490.63,212200.2,,177724.31,180596.43,161954.84,149524.02,132855.06,119105.69,298081.41,194547.24,78156.23,,128230.26,88608.63,135805.9,212187.46,167871.57,,,303353.34,364662.33,,422336.31,350484.63,203385.87,,262631.94
2020-05-31,278534.9,214449.96,222166.68,208208.04,209017.22,117759.36,278115.84,369392.22,179946.95,,208924.61,144413.67,,89109.31,130328.85,157409.16,172565.94,224507.4,162811.8,146740.49,94463.32,212949.67,,178509.19,181125.42,163083.84,149969.11,133981.16,119219.13,298191.36,193586.09,77425.41,,129305.51,88557.12,136505.93,213500.7,169029.4,,,302957.3,362586.54,,422958.98,352532.58,203597.23,,262894.23
2020-06-30,276777.26,213928.76,221740.49,206754.85,204863.23,116503.68,279314.78,369705.26,180478.17,,207678.21,145040.41,,89556.93,129560.85,157532.28,172281.89,223776.03,163454.69,149439.62,95040.69,212660.0,,178545.1,180663.54,164030.35,149567.41,133992.3,119113.73,296681.35,190444.04,76103.7,,128044.55,88163.82,136290.34,211083.83,168750.78,,,303383.21,360257.49,,419810.9,352062.37,202935.91,,262293.59
2020-07-31,276431.31,213781.12,221381.71,206741.84,204620.32,116350.35,279992.76,369104.7,180478.27,,206202.3,145858.06,,90405.24,129685.47,157555.07,172378.23,223679.65,164286.2,149593.63,95878.58,213121.3,,178763.41,180319.04,164954.05,149805.56,134054.52,118674.63,295388.69,189020.49,74614.1,,128100.05,87778.54,136117.62,211298.76,169664.47,,,301506.96,357778.84,,417834.4,350974.39,202770.29,,262017.1
2020-08-31,277398.63,214972.77,222459.26,208089.22,205348.59,117328.68,280942.03,369894.91,181169.38,,206516.79,146763.05,,91328.09,129735.74,158262.28,173541.29,224699.73,166636.04,150464.04,97650.95,212543.89,,179302.33,182320.44,166176.99,151870.9,134602.64,118257.06,295752.86,191381.65,74266.52,,129260.7,87116.65,136010.64,212829.37,169342.42,,,301129.06,354401.21,,414907.48,350454.7,202951.68,,261457.29
2020-09-30,278441.67,217621.57,224371.25,210375.84,206943.41,119109.78,282561.72,372872.18,182980.28,,209066.73,147037.87,,91602.47,130549.68,158927.07,176251.13,225924.39,169675.92,152061.07,99411.52,212846.96,,180496.62,184471.85,166318.76,155262.01,135227.36,117985.4,299191.31,196842.27,74134.72,,132514.49,86586.11,135900.16,213703.36,169046.46,,,301158.4,352989.19,,413559.55,352495.42,203977.39,,261882.77
2020-10-31,279781.79,220922.41,226668.49,212591.12,208973.18,120701.78,284897.52,376871.2,185213.76,,212168.23,147089.73,,91429.97,131427.94,160177.7,180204.04,227563.29,172744.75,154223.03,101391.28,213195.25,,182181.71,184455.11,167040.85,158927.26,136852.58,118197.49,303459.13,200680.64,74513.18,,135680.79,86497.76,135945.24,215384.93,167295.04,,,301688.92,354500.15,,413926.04,355154.43,205191.09,,262929.98
2020-11-30,280910.81,223995.49,229853.43,215417.31,211611.24,121911.53,288343.87,382449.58,187304.67,,215188.05,147681.45,,90819.74,132573.53,161472.02,184492.04,229547.76,174236.08,155789.73,102761.45,214857.29,,183934.3,187638.33,168801.29,161630.56,138907.09,119404.57,307311.46,202864.25,75017.22,,137503.05,87150.55,136741.16,219073.96,168300.58,243099.95,,302282.71,356859.87,,419313.77,359929.13,207804.04,,265163.03
2020-12-31,282472.05,226305.36,232749.19,217756.89,213765.25,122452.07,292439.19,386503.1,188083.39,,218430.33,148720.78,,90894.99,133737.6,162913.15,188793.29,232160.07,174790.07,156732.55,103699.46,216086.4,,185540.04,193764.89,169984.84,163669.77,141230.9,120344.01,308547.05,203869.91,75623.52,,138350.26,87740.87,137783.94,222727.36,169754.66,245714.32,,301871.9,353256.15,,423993.52,363785.05,209774.75,,267060.43
2021-01-31,282199.19,227474.28,234843.93,218856.5,213616.61,122911.48,295307.97,388687.52,189216.77,154372.34,220695.79,149635.11,218294.84,90596.21,134529.31,163644.82,191606.38,233730.83,174526.26,156538.42,104630.88,217425.69,,186769.3,196214.06,169951.29,168883.57,142246.17,122095.65,309044.23,210045.82,75919.32,,138816.08,88746.71,139934.86,226124.03,172767.53,238665.48,,300527.43,347239.33,,430071.03,369646.7,213330.68,,270534.83
2021-02-28,283409.47,229626.88,236421.51,218451.47,213083.26,124292.74,297691.61,391061.53,191882.36,155076.75,223485.66,150138.49,219138.72,90833.08,135085.59,164493.97,193778.22,235083.12,174765.47,159152.84,104993.34,218704.25,,189095.0,193211.72,170151.08,171118.2,142962.43,123285.0,308938.11,216094.06,75807.27,,140590.35,89483.41,141927.61,225958.17,174653.75,230127.93,,298840.41,342258.96,,438825.89,373829.53,216170.8,,274087.03
2021-03-31,283082.38,231515.78,237772.93,217348.66,213033.42,126325.24,299084.96,393113.69,194195.85,155040.46,225551.09,151637.35,218728.06,91022.3,134616.19,165115.33,195472.15,236417.06,174792.4,160475.13,105053.83,220627.39,,191313.79,191763.13,169783.54,172796.7,143785.65,124451.68,308401.21,223333.52,75444.41,,140806.11,89928.64,143858.49,224934.78,176791.46,216851.13,,298357.72,342640.75,,447838.01,377250.06,219267.04,,276809.54
2021-04-30,283309.86,233898.54,240311.41,216926.11,214242.04,128674.15,300237.83,398024.62,197976.47,156193.91,227336.74,152898.56,219795.79,91393.93,134156.76,165786.54,198279.89,237670.68,175678.14,161904.37,104906.52,221884.14,,192175.99,190201.01,170411.14,170941.29,144142.83,124596.36,308293.37,224897.18,75196.16,,140118.4,88024.12,144554.06,223909.13,177439.73,206579.94,206209.84,296780.21,342226.0,,454083.32,377663.49,220753.83,,276983.68
2021-05-31,283235.29,236488.26,243091.59,218409.32,215825.98,131457.96,302402.47,403072.09,199368.93,157582.4,227974.17,154250.41,220839.4,91369.39,134207.78,166649.98,200701.95,239953.66,176508.12,161697.21,105181.36,222724.8,,194744.73,188475.48,169988.58,172515.69,145234.64,124634.11,309475.5,226911.28,75191.29,,138295.03,86529.08,144798.02,224049.0,178877.55,203567.54,207688.97,296652.54,342667.45,,456552.55,378418.49,222102.95,,277049.83
2021-06-30,284153.33,240479.2,245935.87,220386.19,216532.11,133333.97,306125.31,409573.76,201966.78,158700.12,229291.65,153806.05,223916.91,91348.73,134947.49,167829.53,202479.13,244153.03,178466.49,162309.5,105385.32,223145.66,,197404.81,189544.79,171917.4,172781.5,146056.37,124371.7,311366.77,230861.47,75449.55,,138650.81,85404.84,145014.2,225439.76,179292.37,202160.14,208934.28,299149.07,345346.71,,456049.97,380844.03,223050.62,,277560.53
2021-07-31,285830.57,246022.86,249527.98,223403.73,218429.81,135272.29,312390.79,417571.65,204673.5,160120.18,233983.24,154277.58,229908.43,92261.7,136534.53,170039.76,204574.57,249244.23,181078.07,164540.72,106178.91,226970.82,186917.4,201705.46,191573.87,173239.38,175373.55,149316.7,124489.47,314204.24,238335.29,76026.59,,139511.27,87116.0,145867.03,225972.78,181355.31,208352.58,210746.59,304006.33,350023.02,,458557.88,384537.17,224759.47,,279756.4
2021-08-31,289366.29,251490.5,254096.56,225883.38,221963.44,138706.13,320074.87,428043.12,209304.18,160815.35,241215.97,155678.08,239620.0,93416.83,139276.81,172776.98,207482.54,255760.88,184819.99,168782.18,106897.4,232656.76,192822.62,204314.47,193390.05,176573.24,178624.89,153971.45,125217.96,320823.49,245235.73,77095.85,,141584.51,89091.11,147297.89,227443.54,182118.45,213769.85,212991.94,309523.68,355238.27,,461715.8,390414.7,227866.68,,282318.42
2021-09-30,293481.88,255899.11,258260.07,228098.86,226180.44,143778.38,326798.26,437153.14,214264.19,161137.17,247330.62,157950.63,249086.74,94573.67,142569.77,175339.72,210442.51,259652.63,187777.51,173727.52,109197.13,239262.02,198004.73,206177.2,196107.95,178234.12,186344.92,158879.0,125996.52,327321.95,250652.41,78059.93,,143568.47,91494.25,148243.86,229047.79,182834.85,220557.2,214634.24,313062.05,359720.78,,468240.56,392374.96,231006.24,,284004.5
2021-10-31,297190.02,259465.15,260384.8,229286.32,229863.65,148591.26,331713.84,443565.33,218010.18,160837.49,252290.39,159337.29,256989.51,94809.57,145187.38,176937.23,213143.66,264195.38,189740.4,177377.2,110494.02,243318.2,202977.1,207678.36,198260.82,179897.91,191106.45,163470.88,125762.1,331443.42,252879.53,78530.62,,144161.49,91896.1,148030.02,230245.68,180986.04,220005.07,214259.69,321662.1,365071.19,,470244.77,391665.86,231871.42,,283313.75
2021-11-30,298836.92,266235.33,264040.89,231154.17,234083.3,153181.58,337535.97,450097.43,222078.48,161995.65,258726.18,161243.88,263228.25,96104.76,147431.18,179566.13,218164.79,267443.07,192223.41,180080.83,112873.28,248120.25,210358.78,211037.93,201799.92,183128.49,197964.19,167372.3,125593.56,333683.15,259106.33,79068.21,,146477.59,92761.31,148175.48,232321.34,180458.85,221107.8,214160.34,332939.92,372542.37,,473134.26,390872.09,231984.97,,283129.85
2021-12-31,301042.91,273731.02,268249.48,234170.04,239524.89,158254.59,342860.82,458510.78,226080.27,163956.5,265376.17,163142.09,268695.54,98105.62,149245.02,182551.58,223924.49,272376.87,195661.92,183620.42,114708.87,255113.59,219077.44,215555.8,204279.73,187007.93,203021.39,172154.86,127800.05,336066.64,265400.66,79976.83,,148124.01,94083.63,151346.51,234832.21,184210.2,224135.27,218799.58,345818.23,378044.24,,482662.98,400452.65,236442.92,,288630.93
2022-01-31,301113.15,277808.56,272226.02,235610.12,241620.22,163290.43,347000.21,463827.16,228770.23,165346.93,269525.54,164338.74,271849.14,100087.77,149741.57,184304.14,229718.25,275996.98,198209.82,186593.95,116118.58,259117.39,226543.76,221631.59,205797.14,189483.41,207856.81,176354.72,129530.19,337808.23,269984.77,81801.99,,151282.89,95246.33,153260.22,237192.61,187270.66,227358.76,221611.53,352478.24,382813.78,,488630.84,407572.07,240026.11,,292090.08
2022-02-28,305009.77,279208.71,275160.13,237132.77,245990.47,166663.41,351848.81,468870.56,231788.01,167092.33,273712.26,165456.16,273538.6,100692.48,150868.72,185641.52,233718.15,279993.32,202662.3,189214.11,116469.39,260918.96,229944.71,225523.7,206051.81,192639.18,212129.91,179720.34,132340.45,342445.02,271838.62,84210.47,,153689.12,96265.19,156334.82,239641.42,191730.08,225583.33,226093.85,358939.58,387753.55,,497783.91,416584.25,245882.72,,298120.91
2022-03-31,304505.29,280746.52,278084.06,237132.36,246711.64,169578.76,355326.37,474250.26,234104.44,167535.72,275150.09,165084.89,276348.66,100944.29,150684.49,185784.77,235203.9,282638.84,202557.54,189995.77,116484.42,259190.82,231204.54,228023.83,206378.31,192790.37,215429.02,181369.36,132116.44,347956.34,274808.38,85242.07,,155424.06,96074.64,155448.83,240786.91,191212.93,220112.85,225625.66,361327.48,391639.68,,498636.7,416767.35,246089.12,,297869.27
2022-04-30,307936.67,287379.43,281550.22,238742.83,252615.68,172830.1,361540.11,484098.18,237590.95,168696.88,276477.64,166229.89,280980.44,101836.57,152736.89,187149.53,238583.7,286056.1,204755.21,192229.3,117509.11,261024.81,232510.16,230359.37,208471.61,195149.03,220000.67,183542.98,133068.71,355815.62,279502.1,86560.32,,158496.29,97052.48,156199.72,243159.39,192437.7,219289.21,227685.0,363944.48,395101.67,,504353.59,421212.98,248130.33,,300688.66
2022-05-31,308251.97,292081.14,282820.36,239582.07,254232.78,175771.03,364213.68,490108.51,241347.91,168538.07,275178.19,165628.85,285979.39,103662.86,152859.73,187135.79,240494.94,287058.8,203004.02,194374.84,119247.77,263600.18,234942.54,232770.52,209869.38,196119.36,220925.45,184587.05,132227.08,362159.46,284587.22,87023.92,,161270.59,97178.28,154968.8,243913.92,191592.54,214066.18,226265.63,363551.62,396525.89,,503718.4,421565.53,246388.54,,299312.07
2022-06-30,308222.11,293126.84,281597.53,240334.44,258010.03,177932.95,364995.18,490006.51,243326.45,168795.65,274244.22,164643.69,286926.45,104719.35,153520.07,186483.26,242536.12,285856.66,204593.59,195507.37,119585.24,265052.83,236537.08,235387.15,210305.15,199610.24,220359.99,186790.78,132518.9,366265.31,284950.14,88415.05,,163140.18,97380.06,155191.87,244149.82,192411.19,206925.49,226265.88,359760.41,397934.33,,504946.52,421218.32,246528.81,,300412.03
2022-07-31,310375.32,293838.68,283831.74,243282.06,264190.54,180561.64,369398.11,493357.3,246640.08,172035.36,277485.37,165518.68,290024.84,107304.33,154802.47,188536.93,245614.24,289449.81,208248.27,199489.57,121089.04,268832.86,241390.67,240473.02,213471.63,205287.96,220451.14,190305.1,134289.7,374550.35,287782.82,89840.03,,165864.3,98673.86,157761.77,248132.75,195921.17,197451.91,229393.17,361642.21,405761.29,,513840.01,428860.69,249821.78,,305619.79
2022-08-31,310272.9,293817.58,285305.31,245625.15,270219.94,181515.56,372786.06,493914.02,248474.27,175261.14,279567.0,166742.86,291126.81,109464.93,156201.23,190426.69,248435.18,292926.67,212311.66,200498.3,121850.51,271716.15,241925.21,244384.49,217351.47,207843.07,217564.93,193741.8,136151.2,379141.7,287401.81,90628.5,,166991.39,100609.93,160170.75,251888.6,198051.05,192712.59,233236.56,363607.36,412470.23,,518919.69,437142.18,252930.83,,312100.82
2022-09-30,310561.0,293250.0,285986.0,245479.0,275186.0,179042.0,373648.0,491871.0,248341.0,177321.0,280312.0,167907.0,290020.0,111262.0,156848.0,192024.0,247432.0,295097.0,214662.0,201266.0,123001.0,272238.0,239475.0,246812.0,220117.0,209460.0,213029.0,194006.0,136550.0,380734.0,283605.0,90416.0,228596.0,167438.0,103238.0,160918.0,254739.0,197662.0,192978.0,234315.0,366485.0,417797.0,,519628.0,441919.0,253178.0,,314747.0
2022-10-31,308690.8,292986.5,285749.86,244829.85,278289.12,178048.75,371927.28,487631.92,246953.24,178812.65,279455.39,168433.75,286826.49,112550.44,157385.57,193439.31,246610.63,293014.39,215737.86,200072.41,125060.69,271959.8,235009.68,248493.99,222135.91,209583.82,212583.66,194331.69,136853.85,383062.11,277489.37,90381.37,226014.17,168801.26,106920.28,161331.56,256490.55,196456.08,194192.26,235246.72,367363.79,416851.05,181354.34,519017.61,449613.15,253493.7,239520.39,317002.08
