,Fulton,Gwinnett,Cobb,Dekalb,Chatham,Clayton,Cherokee,Forsyth,Henry,Richmond,Hall,Muscogee,Paulding,Houston,Bibb,Columbia,Douglas,Coweta,Clarke,Carroll,Lowndes,Fayette,Newton,Bartow,Whitfield,Floyd,Walton,Rockdale,Dougherty,Glynn,Barrow,Bulloch,Troup,Walker,Jackson,Catoosa,Spalding,Liberty,Effingham,Camden,Baldwin,Oconee,Bryan,Banks
2015-03-31,1538.2,1500.4,1422.36,1261.52,1260.96,1110.93,1535.97,1820.41,1374.72,1024.16,953859.28,940.65,,1098.85,850.99,1334.2,1284.48,1472.27,1124.99,1145.59,1172.68,1595.05,1218.19,1164.21,,,,1170.42,,,1269.18,,,,,,,1062.79,,,,,,
2015-04-30,1539.69,1502.14,1423.85,1262.69,1264.32,1119.68,1544.84,1821.78,1379.74,1035.76,1359397.79,943.59,,1094.85,868.68,1338.44,1279.39,1480.29,1144.75,1141.14,1167.6,1592.04,1211.94,1167.52,,,,1162.93,,,1268.51,,,,,,,1068.02,,,,,,
2015-05-31,1544.08,1498.43,1423.79,1261.67,1255.24,1114.72,1539.92,1835.77,1381.07,1051.13,1686724.76,945.38,,1097.33,861.41,1331.44,1275.6,1469.11,1155.48,1146.79,1168.22,1584.26,1208.43,1172.48,,,,1166.72,,,1254.68,,,,,,,1079.85,,,,,,
2015-06-30,1553.43,1504.06,1424.1,1261.23,1252.82,1113.4,1544.17,1848.29,1382.86,1051.91,1915017.69,959.71,,1112.11,867.69,1331.82,1281.14,1465.65,1158.14,1142.79,1162.4,1603.44,1207.46,1190.83,,,,1153.01,,,1256.43,,,,,,,1072.77,,,,,,
2015-07-31,1570.09,1514.13,1433.28,1268.7,1258.19,1109.3,1554.49,1857.56,1392.72,1068.43,2062928.87,995.68,,1112.15,862.99,1330.73,1295.22,1460.76,1162.88,1158.81,1164.66,1624.93,1219.12,1189.6,,,,1161.61,,,1258.24,,,,,,,1075.04,,,,,,
2015-08-31,1571.29,1526.43,1445.22,1277.47,1267.73,1119.73,1565.77,1870.96,1396.73,1063.79,2119545.55,1019.95,,1116.23,853.35,1333.9,1305.47,1461.39,1161.15,1187.5,1161.21,1624.6,1234.35,1201.98,,,,1166.12,,,1280.15,,,,,,,1064.89,,,,,,
2015-09-30,1575.16,1540.23,1459.91,1286.67,1281.22,1125.84,1579.37,1880.65,1402.86,1077.98,2089469.68,999.33,,1106.82,861.08,1338.66,1305.07,1470.97,1164.89,1196.2,1166.22,1624.62,1236.32,1192.55,,,,1186.97,,,1302.29,,,,,,,1077.85,,,,,,
2015-10-31,1580.12,1545.47,1462.85,1292.67,1283.23,1129.21,1586.08,1891.16,1409.34,1078.59,1976418.0,956.65,,1094.52,857.98,1338.72,1309.86,1472.83,1169.88,1192.65,1164.27,1607.36,1235.16,1188.51,,,,1186.82,,,1320.66,,,,,,,1074.0,,,,,,
2015-11-30,1595.12,1552.05,1470.2,1302.32,1286.21,1131.16,1580.42,1889.13,1426.11,1076.97,1805156.2,927.73,,1092.61,865.76,1348.23,1312.25,1486.42,1184.04,1189.92,1157.23,1622.19,1227.27,1150.9,,,,1177.94,,,1319.23,,,,,,,1085.44,,,,,,
2015-12-31,1611.67,1557.96,1476.93,1314.35,1285.02,1139.67,1586.09,1893.44,1439.61,1062.0,1578823.59,930.37,,1101.28,861.47,1357.01,1326.54,1498.25,1195.95,1193.72,1168.34,1638.48,1245.44,1165.09,,,,1186.47,,,1329.97,,,,,,,1079.77,,,,,,
2016-01-31,1616.38,1563.83,1484.87,1323.77,1287.92,1146.75,1594.55,1889.71,1437.24,1033.39,1313638.67,936.18,,1134.28,867.19,1359.24,1328.77,1500.81,1192.66,1191.21,1166.91,1650.6,1256.28,1176.15,,,,1203.19,,,1322.04,,,,,,,1118.01,,,,,,
2016-02-29,1619.81,1571.77,1490.7,1329.13,1295.65,1151.2,1609.56,1902.88,1437.39,1041.0,1061811.84,941.5,,1127.66,882.64,1354.09,1336.96,1507.25,1188.57,1201.89,1177.92,1668.56,1282.35,1206.81,,,,1220.36,,,1339.97,,,,,,,1108.93,,,,,,
2016-03-31,1625.03,1571.25,1499.49,1340.47,1306.58,1149.47,1617.7,1896.04,1432.33,1048.09,812098.76,950.46,,1121.23,898.81,1346.88,1336.79,1511.54,1189.47,1203.64,1165.3,1683.06,1277.14,1203.24,,,,1227.01,,,1323.95,,,,,,,1117.74,,,,,,
2016-04-30,1624.45,1567.27,1496.8,1338.26,1302.6,1148.1,1613.27,1885.3,1441.2,1071.55,620033.79,943.59,,1110.38,896.9,1339.96,1339.39,1521.66,1189.57,1214.04,1147.41,1695.15,1278.09,1207.43,,,,1214.28,,,1325.99,,,,,,,1083.05,,,,,,
2016-05-31,1636.11,1561.2,1495.12,1339.66,1295.92,1148.61,1599.26,1891.8,1441.66,1072.46,489867.53,944.79,,1120.85,884.6,1337.9,1340.78,1522.25,1203.89,1225.27,1144.75,1673.55,1264.18,1232.15,,,,1213.38,744.53,,1287.56,,,,,,,1084.62,,,,,,
2016-06-30,1642.24,1561.71,1487.02,1334.13,1286.95,1155.6,1592.85,1903.98,1442.65,1080.41,430360.79,952.84,,1129.35,870.47,1338.23,1350.36,1512.4,1198.16,1226.93,1142.02,1656.46,1255.51,1246.85,,,,1207.06,749.63,,1290.74,,,,,,,1078.19,,,,,,
2016-07-31,1657.72,1568.93,1500.19,1348.98,1300.51,1160.18,1597.17,1923.26,1448.6,1083.37,425058.55,988.23,,1134.95,874.84,1344.34,1355.99,1514.63,1209.42,1227.56,1158.8,1659.22,1258.81,1259.79,,,,1225.09,749.42,,1300.83,,,,,,,1083.5,,,,,,
2016-08-31,1663.64,1574.41,1506.11,1351.9,1304.9,1167.2,1616.06,1921.62,1455.29,1086.82,444078.55,998.68,,1131.35,879.4,1347.64,1348.85,1506.22,1202.32,1231.58,1153.47,1666.3,1267.93,1254.12,,,,1233.82,739.25,,1344.46,,,,,,,1080.13,,,,,,
2016-09-30,1665.18,1576.7,1512.14,1358.93,1303.07,1166.82,1619.08,1909.82,1456.57,1088.14,443621.39,974.11,,1130.55,886.45,1344.24,1333.04,1521.67,1219.37,1244.5,1153.83,1673.56,1278.45,1240.04,,,,1241.23,734.88,,1350.89,,,,,,,1088.22,,,,,,
2016-10-31,1677.17,1579.51,1512.39,1365.03,1292.23,1172.65,1625.96,1903.37,1463.07,1095.02,389338.1,936.21,,1106.44,881.05,1338.6,1336.46,1527.4,1231.13,1240.82,1150.56,1679.94,1275.66,1235.68,,,,1236.17,734.54,,1364.3,,,,,,,1084.79,,,,,,
2016-11-30,1683.75,1588.23,1515.04,1380.6,1287.69,1174.01,1619.96,1895.04,1466.24,1085.01,304503.02,919.1,,1102.5,878.52,1337.75,1352.07,1539.13,1249.75,1239.54,1160.74,1692.87,1285.98,1230.39,,,,1236.41,743.15,,1373.52,,,,,,,1093.72,,,,,,
2016-12-31,1686.43,1592.28,1511.64,1385.82,1296.65,1182.69,1614.96,1885.77,1469.1,1071.3,213360.89,922.36,,1101.82,882.26,1344.33,1368.28,1537.34,1246.18,1241.71,1182.92,1707.59,1293.73,1253.55,,,,1244.38,749.77,,1377.75,,,,,,,1058.52,,,,,,
2017-01-31,1681.6,1591.44,1511.18,1386.89,1299.84,1187.25,1599.65,1883.35,1450.13,1048.4,140196.84,924.6,,1121.23,881.34,1344.0,1359.95,1527.78,1233.7,1233.78,1180.89,1702.75,1305.9,1251.37,,,,1250.96,750.45,,1376.1,,,,,,,1049.86,,,,,,
2017-02-28,1681.48,1598.03,1517.01,1388.23,1309.57,1196.91,1610.11,1899.13,1444.13,1046.78,99919.44,927.73,,1125.48,896.63,1339.75,1366.12,1528.37,1239.17,1239.15,1171.27,1711.95,1318.2,1257.1,,,,1249.42,739.85,,1375.54,,,,,,,1074.95,,,,,,
2017-03-31,1687.74,1603.64,1526.15,1398.98,1308.67,1197.6,1623.29,1916.23,1450.31,1056.53,83354.99,924.97,,1119.08,881.81,1335.54,1370.38,1535.37,1238.44,1239.78,1145.3,1710.27,1338.2,1261.81,,,,1244.64,733.34,,1387.19,,,,,,,1076.91,,,,,,
2017-04-30,1686.27,1608.52,1526.87,1400.59,1310.46,1186.15,1637.32,1922.12,1467.4,1065.75,87100.98,930.43,,1121.98,881.03,1330.09,1381.44,1537.77,1234.36,1244.3,1143.09,1706.69,1335.18,1270.89,,,,1244.13,731.97,,1377.13,,,,,,,1084.3,,,,,,
2017-05-31,1696.33,1613.69,1537.16,1403.1,1316.84,1192.24,1643.19,1937.44,1478.38,1079.96,102487.05,935.7,,1132.24,873.61,1338.56,1380.79,1549.92,1228.8,1252.32,1148.92,1702.62,1328.01,1280.12,,,,1260.36,746.5,,1386.55,,,,,,,1094.31,,,,,,
2017-06-30,1703.84,1624.06,1552.84,1408.29,1317.1,1193.37,1646.87,1947.73,1477.53,1083.06,120795.5,956.83,,1147.8,882.97,1340.96,1389.2,1534.97,1227.48,1247.84,1154.58,1711.75,1325.34,1294.6,,,,1264.9,743.88,,1401.62,,,,,,,1093.18,,,,,,
2017-07-31,1718.54,1633.42,1560.83,1418.05,1330.23,1203.48,1659.81,1954.45,1481.45,1086.88,137020.23,983.82,,1153.64,878.07,1350.85,1390.26,1538.74,1252.07,1264.16,1154.96,1729.5,1337.54,1308.1,,,,1267.98,742.79,,1421.42,,,,,,,1097.02,,,,,,
2017-08-31,1722.24,1637.14,1566.76,1421.6,1333.96,1203.96,1667.27,1942.74,1486.8,1087.61,144662.81,991.05,,1147.34,862.01,1347.31,1404.92,1531.29,1260.38,1276.8,1149.52,1729.97,1342.22,1310.08,,,,1271.5,737.76,,1442.24,,,,,,,1097.56,,,,,,
2017-09-30,1723.42,1640.73,1569.58,1421.43,1337.82,1211.94,1674.04,1935.62,1490.62,1092.55,140783.08,968.28,,1142.36,862.03,1342.67,1391.93,1540.7,1274.63,1280.12,1141.35,1722.36,1336.35,1298.64,,,,1272.65,735.46,,1439.14,,,,,,,1088.33,,,,,,
2017-10-31,1727.06,1643.44,1575.94,1429.69,1337.17,1222.38,1673.53,1934.56,1500.83,1094.21,126340.61,935.61,,1140.62,868.86,1347.21,1404.2,1550.99,1270.98,1280.57,1142.17,1720.27,1333.98,1277.31,,,,1273.51,736.64,,1431.16,,,,,,,1087.91,,,,,,
2017-11-30,1732.55,1642.48,1583.59,1434.0,1332.79,1223.35,1671.98,1938.43,1503.71,1091.17,106872.1,920.89,,1130.37,890.61,1354.8,1397.4,1556.41,1275.35,1268.81,1150.14,1734.94,1340.45,1263.39,,,,1276.0,732.99,,1414.16,,,,,,,1094.46,,,,,,
2017-12-31,1740.25,1642.15,1580.98,1448.3,1328.85,1225.39,1672.55,1937.48,1518.86,1083.68,88062.81,930.09,,1132.7,893.4,1359.06,1413.87,1568.98,1285.09,1283.78,1158.29,1687.75,1348.0,1264.56,,,,1283.53,745.68,,1407.19,,,,,,,1102.2,,,,,,
2018-01-31,1740.76,1646.49,1583.93,1450.08,1325.73,1223.49,1672.49,1937.1,1519.56,1072.58,70032.61,933.52,,1131.58,894.4,1354.4,1412.41,1562.58,1294.43,1265.2,1157.6,1688.8,1363.47,1279.63,,,,1298.13,753.02,,1409.68,,,,,,,1095.51,,,,,,
2018-02-28,1740.64,1650.13,1576.38,1455.76,1333.15,1224.59,1679.27,1944.93,1515.05,1056.09,54843.23,933.6,,1137.27,899.73,1347.12,1420.96,1551.79,1301.81,1271.69,1151.8,1669.21,1372.86,1284.45,,,,1302.79,752.05,,1435.09,,,,,,,1077.24,,,,,,
2018-03-31,1739.38,1651.65,1585.02,1458.38,1330.78,1230.71,1692.73,1953.2,1508.37,1062.68,31270.91,933.63,,1128.85,889.04,1362.54,1432.67,1544.86,1308.47,1286.16,1148.69,1717.15,1380.91,1289.82,,,,1304.64,737.79,,1441.26,,,,,,,1081.94,,,,,,
2018-04-30,1736.31,1646.14,1585.89,1462.33,1331.48,1234.52,1696.86,1948.06,1506.37,1072.86,25261.3,931.81,,1129.57,890.42,1357.48,1431.4,1545.82,1299.36,1309.55,1146.14,1724.16,1377.54,1307.99,,,,1275.21,730.74,,1454.25,,,,,,,1084.12,,,,,,
2018-05-31,1739.02,1650.49,1592.35,1459.96,1320.35,1240.41,1699.58,1952.19,1525.31,1095.03,40102.85,935.35,,1124.92,884.84,1356.83,1438.04,1558.68,1309.63,1318.54,1146.88,1742.15,1378.57,1322.92,,,,1273.57,736.98,,1447.67,,,,,,,1085.25,,,,,,
2018-06-30,1745.86,1656.87,1586.95,1466.88,1339.03,1246.74,1700.57,1954.22,1541.93,1100.33,50979.65,941.46,,1137.86,888.86,1346.21,1436.66,1564.27,1296.77,1309.46,1145.3,1769.09,1379.98,1349.6,,,,1279.25,738.3,,1474.68,,,,,,,1084.2,,,,,,
2018-07-31,1756.72,1667.27,1590.3,1470.59,1349.29,1253.72,1700.69,1961.45,1553.94,1094.76,57379.62,963.36,,1142.36,880.59,1354.36,1450.67,1567.03,1321.99,1311.23,1143.68,1775.07,1382.54,1347.88,,,,1295.5,742.47,,1476.24,,,,,,,1087.08,,,,,,
2018-08-31,1763.8,1670.57,1597.48,1472.58,1365.64,1261.32,1710.56,1955.99,1559.46,1092.06,60301.13,970.36,,1157.23,885.72,1365.06,1450.75,1568.25,1342.18,1319.41,1137.94,1776.83,1388.38,1365.55,,,,1302.82,740.87,,1486.41,,,,,,,1092.48,,,,,,
2018-09-30,1776.15,1677.85,1613.23,1478.47,1355.92,1265.24,1709.03,1958.56,1557.57,1092.51,60115.22,960.59,,1155.81,895.27,1365.13,1456.2,1576.25,1364.72,1313.3,1136.97,1771.82,1401.5,1350.57,,,,1308.16,745.21,,1482.53,,,,,,,1097.04,,,,,,
2018-10-31,1786.31,1680.71,1617.51,1488.66,1351.68,1279.11,1716.2,1953.84,1560.84,1099.95,56059.41,935.53,,1163.4,909.26,1364.38,1458.77,1581.36,1364.21,1322.83,1129.24,1773.22,1411.7,1345.5,,,,1326.72,754.31,,1489.06,,,,,,,1094.28,,,,,,
2018-11-30,1803.95,1695.06,1626.44,1511.35,1349.24,1299.44,1715.7,1963.87,1568.08,1093.87,49394.67,929.0,,1130.05,907.16,1367.7,1474.54,1588.87,1358.69,1316.23,1134.07,1773.02,1421.89,1332.35,,,,1327.8,754.95,,1491.66,,,,,,,1107.91,,,,,,
2018-12-31,1817.02,1706.72,1638.68,1525.55,1361.68,1315.88,1738.32,1963.69,1583.41,1093.52,41441.17,940.87,,1134.76,906.43,1377.61,1501.22,1594.54,1374.62,1331.29,1139.06,1785.02,1423.77,1332.67,,,,1353.06,763.39,,1494.2,,,,,,,1108.54,,,,,,
2019-01-31,1826.59,1718.31,1647.0,1535.45,1366.71,1314.59,1747.33,1972.44,1584.48,1082.11,33839.35,943.39,,1139.28,896.99,1374.26,1513.62,1600.42,1374.03,1342.57,1147.57,1805.31,1430.09,1351.78,,,,1361.34,756.52,,1503.85,,,,,,,1106.12,,,,,,
2019-02-28,1824.64,1712.8,1650.49,1537.12,1366.35,1305.08,1751.41,1982.95,1579.77,1090.29,27495.63,940.54,,1163.86,895.6,1367.89,1511.71,1612.55,1376.73,1348.45,1144.96,1824.56,1438.65,1350.33,,,,1380.41,754.9,,1502.48,,,,,,,1087.42,,,,,,
2019-03-31,1820.25,1710.19,1645.81,1537.68,1371.02,1305.22,1747.77,1996.56,1579.21,1089.52,17481.63,932.96,,1160.21,897.49,1364.45,1493.76,1615.72,1365.52,1350.5,1139.56,1821.14,1447.68,1369.22,,,,1381.36,752.32,,1496.5,,,,,,,1086.58,,,,,,
2019-04-30,1808.85,1700.31,1643.12,1535.32,1367.91,1308.79,1747.02,2006.13,1590.92,1105.11,14918.86,932.13,1592.67,1158.52,908.71,1363.06,1482.54,1623.57,1361.26,1345.05,1135.55,1796.49,1435.89,1357.72,,,,1379.11,752.64,,1504.66,,,,,,,1092.45,,,,,,
2019-05-31,1811.02,1711.04,1645.05,1534.87,1377.03,1315.8,1756.06,2008.01,1595.94,1116.61,22812.04,946.77,1605.43,1167.03,922.5,1370.69,1482.45,1616.17,1353.43,1353.88,1144.22,1784.01,1438.7,1381.51,,,,1376.26,764.6,,1512.33,,,,,,,1102.33,,,,,,
2019-06-30,1816.3,1713.78,1651.45,1540.8,1384.75,1318.74,1759.83,2006.49,1605.53,1128.67,28466.67,960.72,1581.14,1189.24,929.01,1375.35,1497.93,1617.68,1372.31,1365.07,1149.04,1795.52,1433.13,1390.53,,,,1383.96,766.69,,1527.95,,,,,,,1104.39,,,,,,
2019-07-31,1820.12,1713.76,1653.45,1545.13,1391.58,1324.1,1759.4,2000.05,1606.7,1127.59,31233.81,987.91,1577.74,1189.49,921.65,1383.53,1519.77,1604.81,1396.56,1368.13,1133.27,1807.76,1455.13,1392.18,,,,1389.99,771.02,,1517.2,,,,,,,1103.71,,,,,,
2019-08-31,1826.31,1715.0,1663.58,1552.99,1393.73,1330.73,1762.36,1988.68,1617.29,1125.97,33155.81,997.82,1596.51,1192.58,916.64,1394.54,1541.36,1605.77,1412.53,1388.63,1133.22,1812.4,1458.59,1388.2,,,,1406.67,769.99,,1534.47,,,,,,,1105.81,,,,,,
2019-09-30,1834.15,1722.35,1667.07,1563.11,1396.73,1342.62,1772.27,1993.61,1622.72,1126.48,33280.41,1005.03,1593.58,1197.34,916.1,1400.67,1537.14,1613.36,1432.19,1397.31,1142.28,1802.96,1473.96,1391.89,,,,1403.36,772.27,,1535.64,,,,,,,1112.74,,,,,,
2019-10-31,1834.59,1724.28,1668.91,1567.35,1392.17,1349.02,1771.63,1992.93,1634.66,1125.51,31231.28,987.0,1601.95,1197.99,912.54,1399.61,1516.89,1617.64,1449.43,1405.14,1154.11,1801.51,1468.14,1401.25,,,,1395.14,778.09,,1543.23,,,,,,,1114.19,,,,,,
2019-11-30,1843.03,1726.28,1666.61,1565.35,1391.4,1360.63,1776.17,2013.33,1633.59,1125.12,27785.77,979.05,1590.34,1202.89,915.93,1399.28,1533.25,1631.83,1475.39,1404.63,1158.1,1795.54,1479.96,1404.83,,,,1392.1,784.46,,1543.87,,,,,,,1126.09,,,,,,
2019-12-31,1847.77,1729.26,1674.0,1572.34,1388.92,1369.64,1773.8,1998.93,1642.96,1121.01,23716.97,982.27,1607.92,1198.27,906.29,1404.65,1548.73,1632.44,1477.79,1408.31,1155.47,1796.95,1487.85,1424.44,,,,1387.67,790.37,,1542.2,,,,,,,1122.88,,,,,,
2020-01-31,1849.92,1730.71,1669.05,1573.81,1390.74,1372.94,1767.94,2006.12,1631.64,1108.85,20102.57,986.09,1601.79,1195.19,901.47,1400.95,1563.65,1629.1,1465.06,1398.65,1157.9,1793.14,1495.58,1425.88,,,,1399.96,785.44,,1547.44,,,,,,,1112.46,,,,,,
2020-02-29,1851.95,1733.33,1678.22,1586.14,1405.41,1374.8,1770.08,2015.6,1640.18,1111.83,16584.24,985.87,1620.75,1189.04,899.73,1397.07,1551.79,1627.17,1462.1,1385.21,1155.73,1810.83,1501.99,1416.55,,,,1405.4,785.19,,1543.41,,,,1605.25,,,1104.64,,,,,,
2020-03-31,1857.14,1744.31,1684.42,1591.15,1433.14,1388.9,1776.91,2049.32,1651.0,1124.13,11412.9,999.47,1629.93,1185.38,916.55,1395.57,1569.25,1634.56,1454.0,1402.55,1169.63,1831.56,1511.05,1429.49,,,,1416.37,785.06,,1562.66,,,,1658.83,,,1113.76,,,,,,
2020-04-30,1855.35,1749.62,1688.45,1602.03,1444.42,1407.47,1795.3,2048.42,1672.68,1147.49,6896.06,1028.01,1656.88,1202.56,920.7,1406.16,1593.71,1646.78,1461.93,1431.33,1203.93,1837.67,1537.66,1471.7,,,,1447.83,804.42,,1562.27,,,,1661.75,,,1138.41,,,,,,
2020-05-31,1837.08,1743.22,1670.34,1593.3,1432.51,1423.38,1788.38,2032.33,1684.03,1146.56,4635.62,1048.57,1661.73,1214.43,926.52,1415.99,1610.95,1645.25,1473.97,1466.41,1209.59,1826.86,1552.52,1500.61,,,,1457.77,811.45,,1574.26,,,,1658.59,,,1142.87,,,,,,
2020-06-30,1816.5,1731.25,1660.17,1582.39,1409.37,1428.6,1785.22,2018.17,1692.6,1151.43,3361.56,1063.89,1662.12,1217.67,926.72,1419.87,1617.05,1629.74,1481.75,1496.82,1203.26,1802.86,1580.65,1482.37,,,,1473.46,814.91,,1578.93,,,,1671.75,,,1135.3,,,,,,
2020-07-31,1811.67,1734.42,1665.51,1584.55,1410.58,1421.6,1789.1,2009.74,1706.48,1165.04,2564.34,1070.75,1663.78,1220.91,946.37,1441.65,1633.36,1620.5,1480.13,1527.66,1176.81,1814.93,1584.4,1464.34,,,,1463.68,813.88,,1590.81,,,,1702.23,,,1135.76,,,,,,
2020-08-31,1813.46,1748.02,1686.35,1600.44,1413.14,1439.32,1797.06,2012.96,1740.08,1181.45,2164.6,1088.69,1680.92,1232.48,964.85,1455.34,1645.02,1631.31,1490.45,1538.9,1187.34,1825.17,1598.93,1476.67,,,,1487.46,826.6,,1625.53,,,,1732.85,,,1149.95,,,,,,
2020-09-30,1821.2,1767.64,1699.42,1611.41,1417.94,1464.93,1822.73,2031.38,1760.84,1199.74,1912.84,1090.31,1704.84,1256.01,981.62,1481.63,1659.83,1667.53,1485.24,1527.84,1203.75,1857.43,1610.42,1511.86,,,,1516.31,835.23,,1650.12,,,,1757.99,,,1160.9,,,,,,
2020-10-31,1833.1,1786.09,1717.78,1622.82,1423.79,1503.88,1837.16,2059.69,1792.04,1199.73,1748.94,1085.36,1730.9,1269.45,984.35,1487.59,1676.26,1692.05,1490.44,1553.83,1237.12,1884.93,1626.71,1525.74,,,,1538.29,840.13,,1685.93,,,,1756.91,,,1178.3,,,,,,
2020-11-30,1847.74,1803.54,1734.94,1642.17,1434.58,1517.82,1875.3,2070.86,1796.97,1207.65,1624.16,1087.16,1760.05,1274.88,982.36,1492.76,1649.25,1712.65,1479.78,1565.7,1240.02,1920.09,1634.74,1506.99,,,,1546.98,846.31,,1684.35,,,,1774.97,,,1192.06,,,,,,
2020-12-31,1857.92,1822.55,1750.22,1663.85,1443.08,1522.55,1900.36,2070.11,1828.46,1207.26,1567.13,1088.63,1793.89,1249.72,988.88,1487.81,1671.35,1718.03,1510.95,1596.65,1238.42,1956.75,1640.6,1493.39,,,,1555.27,846.0,,1678.7,,,,1778.58,,,1205.2,,,,,,
2021-01-31,1861.79,1830.53,1753.17,1670.93,1442.22,1545.58,1917.25,2070.74,1844.88,1203.74,1561.61,1102.31,1827.29,1248.95,992.11,1483.9,1689.54,1735.89,1528.89,1576.25,1243.47,1964.76,1657.03,1490.86,,,,1571.22,842.42,,1674.74,,,,1791.24,,,1192.32,,,,,,
2021-02-28,1863.88,1847.99,1760.35,1669.1,1437.1,1567.42,1909.88,2097.27,1875.28,1192.82,1595.4,1103.65,1838.28,1245.67,996.59,1481.84,1757.4,1748.14,1550.07,1616.29,1227.43,1979.68,1682.33,1529.13,,,,1584.49,829.93,,1681.43,,,,1784.89,,,1187.35,,,,,,
2021-03-31,1865.37,1847.18,1769.55,1674.29,1433.65,1587.92,1911.76,2113.76,1880.65,1187.18,1570.36,1102.51,1842.74,1263.6,989.22,1493.26,1774.1,1760.17,1552.31,1619.95,1225.39,1996.28,1692.68,1552.9,,,,1581.58,837.69,,1685.53,,,,1803.77,,,1192.06,,,,,,
2021-04-30,1876.54,1861.14,1783.51,1684.97,1444.42,1594.51,1921.14,2117.55,1887.0,1197.71,1619.05,1104.58,1838.45,1277.38,1003.43,1506.82,1781.64,1789.19,1551.83,1624.87,1207.12,2017.02,1716.48,1583.49,,,,1602.84,852.98,,1697.44,,,,1812.92,,,1191.6,,,,,,
2021-05-31,1890.93,1878.82,1801.25,1704.86,1471.9,1615.46,1943.03,2134.04,1908.42,1217.81,1631.71,1111.55,1855.53,1289.24,1031.02,1501.3,1796.82,1831.76,1563.24,1612.36,1222.13,2043.41,1708.27,1599.09,,,,1617.9,865.06,,1734.19,,,,1780.41,,,1213.19,,,,,,
2021-06-30,1917.45,1912.95,1826.48,1730.47,1507.2,1630.24,1948.86,2161.61,1923.14,1238.03,1660.43,1133.03,1859.31,1289.39,1062.54,1492.9,1807.2,1891.5,1559.82,1637.45,1210.2,2043.7,1728.61,1611.83,,,,1666.34,868.08,,1765.92,,,,1773.0,,,1218.46,,,,,,
2021-07-31,1955.01,1961.5,1878.66,1773.64,1546.48,1659.8,1995.26,2192.98,1949.96,1263.23,1659.55,1143.79,1869.55,1288.23,1076.66,1496.53,1824.07,1918.8,1560.19,1661.07,1232.72,2095.35,1741.5,1648.45,,,,1688.56,865.85,,1797.79,898.73,,,1816.65,,,1267.55,,,,,,
2021-08-31,2012.1,2018.2,1934.6,1826.31,1585.9,1691.61,2045.29,2231.48,1974.21,1279.41,1698.82,1176.32,1900.64,1310.16,1083.15,1534.78,1850.32,1958.86,1604.95,1732.27,1264.41,2145.34,1781.17,1668.27,,,,1738.31,889.75,,1839.51,906.02,,,1871.63,,1083.01,1305.24,,,,,,
2021-09-30,2057.36,2061.66,1975.3,1865.47,1633.91,1715.96,2099.18,2277.81,2002.52,1284.6,1703.02,1199.03,1921.73,1342.85,1102.39,1551.32,1859.56,1975.62,1603.13,1741.74,1306.98,2198.36,1801.41,1720.83,,,,1760.66,890.73,,1855.64,907.74,,,1909.46,,1105.11,1367.0,,,,,1948.96,
2021-10-31,2074.56,2077.4,1992.89,1888.94,1655.21,1724.13,2125.41,2325.96,2020.52,1276.97,1705.92,1211.37,1952.78,1375.57,1107.42,1561.32,1869.33,2013.3,1610.76,1781.93,1328.86,2177.67,1826.33,1732.93,,,,1771.96,893.4,,1841.53,920.49,,,1905.52,,1158.53,1374.15,,,,,1975.57,
2021-11-30,2084.67,2091.13,2004.94,1893.3,1657.53,1740.31,2131.67,2341.19,2048.7,1283.09,1671.34,1207.32,1958.75,1393.02,1103.17,1568.03,1882.89,2024.33,1584.33,1776.93,1349.08,2196.08,1872.64,1758.78,,,,1764.07,887.5,,1823.13,920.58,1220.2,,1975.39,,1156.11,1416.36,1747.61,,,,1994.43,
2021-12-31,2087.2,2098.5,2020.8,1909.18,1670.84,1759.39,2128.19,2349.91,2066.71,1278.35,1713.36,1208.85,1984.61,1396.68,1062.24,1587.12,1896.57,2049.46,1594.54,1803.56,1400.82,2191.24,1891.3,1736.02,,,1990.86,1758.23,908.42,1702.74,1858.29,936.1,1236.71,,1993.12,,1177.39,1426.8,1745.36,,,,1982.9,
2022-01-31,2079.92,2098.21,2006.04,1894.12,1665.75,1751.62,2121.98,2352.68,2062.11,1265.1,1757.64,1205.67,1976.88,1398.13,1048.42,1582.7,1876.3,2023.39,1600.86,1796.38,1391.66,2205.5,1883.95,1740.21,,,1953.72,1755.0,915.63,1662.97,1903.21,920.8,1279.69,,1990.13,,1130.09,1427.91,1769.96,,,,1960.08,
2022-02-28,2068.16,2085.47,1985.36,1900.66,1663.01,1747.15,2125.22,2350.3,2052.23,1264.11,1787.85,1200.41,1962.86,1379.16,1059.57,1571.85,1860.41,2008.53,1600.81,1783.4,1402.43,2179.5,1837.34,1757.65,,,1921.05,1742.18,915.61,1649.0,1920.04,950.01,1325.19,,1943.2,,1106.51,1417.42,1823.03,,,,1929.7,
2022-03-31,2050.57,2071.28,1950.9,1877.33,1640.79,1743.32,2114.84,2352.7,2034.78,1262.14,1773.54,1185.29,1943.77,1374.07,1071.53,1577.5,1848.73,1998.19,1615.08,1792.35,1368.87,2160.17,1804.4,1777.69,,,1884.51,1741.34,891.19,1655.94,1913.75,953.84,1355.56,,1937.39,,1123.71,1356.38,1817.12,,,,1979.98,
2022-04-30,2050.09,2051.74,1937.78,1874.2,1641.01,1758.26,2099.46,2347.45,2017.01,1267.64,1770.65,1193.62,1939.34,1374.49,1079.31,1532.9,1860.17,2007.26,1628.51,1782.21,1402.53,2159.27,1802.78,1792.2,,,1933.85,1743.77,886.41,1692.24,1906.13,1010.64,1352.13,,1957.6,,1140.94,1450.51,1858.13,,,1977.83,2018.55,
2022-05-31,2042.08,2031.34,1930.59,1858.13,1650.87,1754.64,2084.47,2359.21,2010.41,1244.54,1776.84,1188.49,1940.71,1380.71,1082.8,1549.74,1872.37,1996.09,1638.0,1784.79,1383.37,2140.65,1817.26,1767.92,,,1943.64,1740.61,898.69,1683.81,1879.4,1017.59,1342.78,,1974.13,,1126.01,1453.01,1821.96,1379.97,,1969.47,2043.11,
2022-06-30,2035.94,2004.54,1930.72,1841.73,1664.37,1748.25,2081.1,2333.61,2001.51,1236.28,1767.37,1191.72,1935.12,1374.31,1082.0,1531.94,1864.33,1981.04,1645.96,1748.87,1380.26,2129.82,1829.47,1815.33,,1202.05,1914.38,1717.76,907.24,1679.66,1878.99,1027.4,1312.36,,2003.65,,1129.09,1547.95,1897.85,1419.22,,1937.56,2010.73,
2022-07-31,2059.59,2020.37,1956.74,1858.45,1720.19,1770.93,2110.42,2359.29,2042.31,1248.99,1762.28,1198.84,1947.75,1395.22,1101.46,1593.0,1896.56,1990.64,1672.38,1792.29,1376.38,2142.53,1846.67,1827.37,,1261.11,1929.21,1729.65,916.82,1683.38,1880.37,1006.55,1328.56,,2018.86,,1197.85,1494.88,1900.21,1549.06,,1917.42,2000.74,
2022-08-31,2078.18,2029.55,1962.1,1873.59,1751.02,1778.74,2130.08,2368.97,2038.77,1267.19,1797.14,1205.58,1972.27,1439.68,1086.73,1581.76,1911.66,1992.79,1689.6,1824.75,1382.05,2154.7,1868.91,1845.65,,1238.9,1931.81,1749.82,908.54,1693.15,1913.11,1021.87,1339.22,,2021.05,,1187.48,1519.39,1964.34,1574.95,,1934.98,1982.64,
2022-09-30,2080.1,2038.52,1958.51,1885.75,1767.2,1778.93,2123.41,2372.66,2030.87,1270.85,1781.47,1213.81,1979.93,1454.72,1096.72,1583.46,1934.59,1992.05,1692.13,1870.47,1355.45,2143.16,1866.72,1827.08,,1191.83,1984.89,1741.96,911.01,1695.56,1904.35,1040.8,1351.52,985.41,1984.31,1373.74,1238.75,1509.59,1899.11,1548.22,1071.08,1929.72,1950.36,
2022-10-31,2063.54,2039.53,1950.61,1885.12,1753.41,1770.88,2099.34,2365.43,2016.65,1262.68,1781.23,1208.69,1990.32,1460.06,1102.72,1574.59,1927.01,1993.26,1668.9,1881.4,1340.2,2127.05,1880.0,1853.06,1493.94,1174.68,1976.1,1749.97,917.65,1694.16,1917.23,1046.11,1410.61,995.96,1976.37,1401.81,1213.69,1547.06,1854.98,1563.02,1070.44,1983.62,1971.31,1694.13
